Y_A,Y_H,pred_Y_A,pred_Y_H,pred_Y_H
0,0,2,2,1
0.5079843366153792,0.056955923441527834,0.5142252123818865,0.052060547771717536,0.04758593084832934
0.056955923441527834,-1.3667627980059809,-1.1922246755512076,-1.2492891983613494,-1.141912483584817
-1.3667627980059809,-1.8851029794111378,-2.9599437113249185,-1.7230779133094507,-1.5749789416078988
-1.8851029794111378,-2.5520097356251368,-4.038790274961217,-2.3326638693128485,-2.132170834318816
-2.5520097356251368,-1.682278815259378,-3.854173765462299,-1.5376865360996401,-1.4055219990020194
-1.682278815259378,-1.2104729620461554,-2.633067604180267,-1.1064325123561873,-1.0113343649819961
-1.2104729620461554,0.27043989789575873,-0.8556456960777429,0.2471955219589165,0.22594900586781902
0.27043989789575873,0.6086601433255061,0.8001826695027789,0.5563456538610719,0.5085276076711577
0.6086601433255061,-0.8410662982443929,-0.2115429060764476,-0.768776442434225,-0.7026999175635598
-0.8410662982443929,-1.9182769714903847,-2.5116352634718675,-1.7534005925860539,-1.6026953791206136
-1.9182769714903847,-0.47619563373753615,-2.179519271368457,-0.43526650154882107,-0.3978552383682133
-0.47619563373753615,0.8258840814949151,0.31829669264041666,0.754899140959547,0.6900153735739132
0.8258840814949151,0.2864258362283156,1.012457146562879,0.26180746494834406,0.23930504875279945
0.2864258362283156,0.9387991816553312,1.1152357861225082,0.858109160407033,0.7843544663898159
0.9387991816553312,-0.7435067302923508,0.17776092337372437,-0.6796021434138672,-0.6211901715417115
-0.7435067302923508,-2.313791969719984,-2.782843044626249,-2.1149209791513197,-1.9331429992799603
-2.313791969719984,-3.0580689998913018,-4.889625582191781,-2.7952272149795374,-2.554976746319322
-3.0580689998913018,-3.11349766946549,-5.617541190920417,-2.8458917767305594,-2.6012866764897993
-3.11349766946549,-3.4681134374854157,-5.990775677672352,-3.1700282320117843,-2.8975635234809176
-3.4681134374854157,-3.453898675458427,-6.300618668122517,-3.1570352322875435,-2.8856872752881166
-3.453898675458427,-3.7750611267900136,-6.580011467472464,-3.450593691702129,-3.1540143127003795
-3.7750611267900136,-2.8427744352345323,-6.023748240296557,-2.5984372712643484,-2.375100946811024
-2.8427744352345323,-1.4595461004565575,-3.9160984755766006,-1.3340977530783122,-1.2194317221030981
-1.4595461004565575,-1.6270169996288892,-2.8094803608290433,-1.4871744871546968,-1.359351473124316
-1.6270169996288892,0.5178255176274826,-1.0096186548059052,0.47331828664907644,0.43263646315240467
0.5178255176274826,-0.571438972006012,-0.04880054036430109,-0.5223236513982877,-0.4774298047126714
-0.571438972006012,-0.8501175194179518,-1.2939424579896337,-0.7770497089151416,-0.7102620947495741
-0.8501175194179518,-0.36414127122171613,-1.105254004096573,-0.3328432391330495,-0.30423528062307026
-0.36414127122171613,-0.7979282193105515,-1.0577497707656247,-0.7293460920261423,-0.6666586154998162
-0.7979282193105515,0.5057778370493848,-0.26592385600304846,0.46230610718861415,0.4225707832330775
0.5057778370493848,-0.4213600812729609,0.07683951996722825,-0.3851440783455293,-0.35204084980355277
-0.4213600812729609,1.107829491563796,0.6248446132426728,1.0126112734821011,0.9255770847331648
1.107829491563796,0.9407751187120319,1.8647000670468854,0.8599152651862818,0.7860053360177545
0.9407751187120319,3.492600018063563,4.035388221486221,3.192410184948837,2.9180217420418018
3.492600018063563,2.343490131641873,5.312180612530275,2.142066576730015,1.9579554260504317
2.343490131641873,2.2534436946366547,4.184264143053709,2.0597596531982463,1.882722802899869
2.2534436946366547,2.3044326145923537,4.148712844235185,2.1063660629056953,1.9253233801959926
2.3044326145923537,-0.0020147672103534298,2.09572832788124,-0.0018415974716163982,-0.0016833117146417022
-0.0020147672103534298,1.0616405750492435,0.9645025228444407,0.9703923057359567,0.8869868476794682
1.0616405750492435,1.2766735911100306,2.1284022112138112,1.1669431810215074,1.0666441267486289
1.2766735911100306,1.2791516722478071,2.326387198407115,1.1692082704741935,1.0687145312040993
1.2791516722478071,-0.32969730897883665,0.8642212391620219,-0.30135974394165693,-0.2754577996097949
-0.32969730897883665,-1.5380036872532232,-1.7000362858836575,-1.4058118909357165,-1.2849820121210591
-1.5380036872532232,-0.6328237086348404,-1.9759508351954091,-0.578432354771348,-0.5287159511898003
-0.6328237086348404,0.39296016863058014,-0.21833083694360403,0.35918514520051337,0.328313093365957
0.39296016863058014,1.7626200165681882,1.9620723763400525,1.611122391337216,1.4726460243666093
1.7626200165681882,0.5051155222023378,2.064159472247137,0.46170071846605204,0.42201742782055823
0.5051155222023378,-0.2994373827933926,0.18721428157593561,-0.27370066587643616,-0.25017602612728135
-0.2994373827933926,-0.3954937323391273,-0.6325467054406866,-0.3615009484833259,-0.3304298527853444
-0.3954937323391273,-2.332237917686861,-2.4828614390380235,-2.131781493340157,-1.9485543481150784
-2.332237917686861,-2.4172083607767156,-4.323085455076752,-2.209448705885745,-2.0195460445832567
-2.4172083607767156,-1.427564216604593,-3.499624889479116,-1.3048647200327848,-1.1927112754591018
-1.427564216604593,0.08048766676062713,-1.226148628296372,0.07356973194767867,0.06724639533843431
0.08048766676062713,0.05400836038421558,0.12242223295629527,0.049366328486292535,0.04512328037510249
0.05400836038421558,1.6971574521955561,1.593962540037462,1.5512863505208594,1.4179529060189031
1.6971574521955561,1.6945426992225812,3.0872250643333214,1.5488963362109245,1.415768314028481
1.6945426992225812,1.801702429994967,3.18238497275788,1.6468456616890286,1.5052988708193895
1.801702429994967,1.5187441748632082,3.022367994120148,1.3882077383866016,1.2688909408261713
1.5187441748632082,1.686335662918395,2.9173577753480147,1.5413946967016126,1.4089114422855153
1.686335662918395,1.3136476349175488,2.7306728826803846,1.2007392966429318,1.0975354578954926
1.3136476349175488,1.1815921063816823,2.2712404773277637,1.080033973360468,0.9872047869250079
1.1815921063816823,0.48703177183009894,1.5188304477937333,0.44517127089924596,0.40690869034963917
0.48703177183009894,0.8606241519409144,1.2266759914562473,0.7866532937809565,0.7190402491271392
0.8606241519409144,0.7573228833394919,1.472702897392909,0.6922307946984079,0.6327333871330828
0.7573228833394919,-0.7394630417233103,0.016256552236625366,-0.6759060108748416,-0.6178117225061852
-0.7394630417233103,-0.6438332063765707,-1.2591168611254142,-0.5884955834663298,-0.5379142428960293
-0.6438332063765707,-1.4864389055215885,-1.9390362249305721,-1.3586791149140283,-1.2419003098252506
-1.4864389055215885,-3.291796279157281,-4.3492899628087915,-3.0088655769362522,-2.7502528383650815
-3.291796279157281,-2.2822513411309546,-5.073661808207366,-2.0860912753700283,-1.9067912156504447
-2.2822513411309546,-0.811359507157291,-2.815895428177993,-0.7416229573691953,-0.67788028123815
-0.811359507157291,1.3047602904707447,0.449107880120267,1.1926158216436802,1.090110197576343
1.3047602904707447,2.3787178459145637,3.35280995338511,2.174266460270919,1.9873877216578577
2.3787178459145637,1.1741888899220112,3.2339600307908003,1.073267065181747,0.9810194961735237
1.1741888899220112,2.531630229332475,3.373145371964706,2.314035986613302,2.115144022732462
2.531630229332475,3.2534594535398975,5.265758490151945,2.9738238109376947,2.718222920798279
3.2534594535398975,0.9585911046267968,3.8339320915424473,0.8761999627167866,0.8008903597783676
0.9585911046267968,2.2309237345695276,2.9031900566189006,2.0391752892541612,1.863907670114574
2.2309237345695276,2.4920880572440307,4.2990240091630865,2.277892473970208,2.0821070539170026
2.4920880572440307,2.4780590401537204,4.523973820649867,2.2650692543595183,2.0703859931951114
2.4780590401537204,2.6455786072409015,4.663685426019969,2.4181904733314656,2.2103464056241444
2.6455786072409015,2.5381031462055046,4.718339334352947,2.3199525546843414,2.1205520603182837
2.5381031462055046,4.064628929757337,6.010000603817251,3.7152730705731956,3.3959444336657936
4.064628929757337,3.154303492727217,6.5708842519891855,2.8831903294168715,2.635379409371835
3.154303492727217,2.9787140122756006,5.582452609651542,2.7226928081248665,2.488676689626755
2.9787140122756006,2.8722851914583276,5.325751271264071,2.625411570710931,2.399756798566094
2.8722851914583276,3.0256207711989376,5.3684471805042255,2.7655679195476814,2.527866674646253
3.0256207711989376,1.0804228156996374,3.7374414337358712,0.9875602081692053,0.9026791646635636
1.0804228156996374,2.803415075563481,3.535183285203321,2.5624608582662765,2.3422167153848763
2.803415075563481,2.544845626655695,4.868143925864517,2.326115517276588,2.126185314755434
2.544845626655695,3.0384418309292465,5.082072179413331,2.777287006031443,2.538578502755846
3.0384418309292465,2.985116490275864,5.482819646637268,2.72854499156163,2.4940258764534993
2.985116490275864,2.660084462608863,5.1384276607285235,2.431449546852215,2.2224658585050086
2.660084462608863,2.2368451315148583,4.457329099370192,2.044587740671338,1.8688549199972888
2.2368451315148583,2.305764883497437,4.134817014992845,2.1075838229697395,1.9264364734821324
2.305764883497437,2.3287450298594785,4.2184670008150205,2.1285888200831713,1.9456360859121065
2.3287450298594785,3.362973504512247,5.180769329239162,3.0739251022138063,2.809720481396005
3.362973504512247,3.3340368806407548,6.095815489025524,3.0474755883022184,2.785544309729741
3.3340368806407548,3.039633692016955,5.801502097844725,2.7783764263646527,2.5395742871426754
3.039633692016955,4.933097756083267,7.257014258021028,4.509096787040635,4.1215388058806965
4.933097756083267,3.028323899152319,7.246719752479457,2.768038712986656,2.5301251027796474
3.028323899152319,1.917653299677392,4.5019736693008605,1.7528305255192365,1.6021743094588146
1.917653299677392,2.398506806701336,3.9286956591715674,2.1923545549964847,2.0039211401797505
2.398506806701336,1.9700374794708604,3.9763772777147985,1.800712272137213,1.6459406081434027
1.9700374794708604,0.1826334827185787,1.9594243161368587,0.16693608982649244,0.15258789172574796
0.1826334827185787,0.21875294655529393,0.36535371336391037,0.19995107683641414,0.18276523245795814
0.21875294655529393,-0.5100643642205968,-0.26516020579436006,-0.4662242062920506,-0.42615212075204834
-0.5100643642205968,0.7923309165705731,0.2569273038105807,0.7242298788374198,0.6619821420967431
0.7923309165705731,-0.12901645584643434,0.6037682982754461,-0.11792745964037359,-0.10779156539368144
-0.12901645584643434,1.1123184902965613,0.8950303833005706,1.016714441666429,0.9293275845998715
1.1123184902965613,1.268217276763318,2.166833552056876,1.1592136889789166,1.0595789864538268
1.268217276763318,0.9672957435869208,2.034829589868985,0.8841564358110087,0.8081629720474214
0.9672957435869208,1.000287091631003,1.7909516684418516,0.9143121693523245,0.8357268128519791
1.000287091631003,1.3723332070745224,2.1596286603481323,1.2543808293963292,1.1465664876763255
1.3723332070745224,-1.0787311899962067,0.26724517663626773,-0.9860139781122783,-0.9012658334614569
-1.0787311899962067,-0.2075133435128832,-1.170777540889238,-0.18967752044810832,-0.17337469077553042
-0.2075133435128832,-0.7505008564347424,-0.8720126538393761,-0.685995122688994,-0.6270336726711071
-0.7505008564347424,1.193541055359478,0.40326819753089754,1.0909559072260295,0.997187977880578
1.193541055359478,0.053786663470497764,1.1353543134995345,0.04916368647699744,0.04493805549649448
0.053786663470497764,1.4216121286799905,1.3429513010192267,1.2994242155335758,1.1877383836636755
1.4216121286799905,-1.4379581952016856,-0.014878669698421474,-1.314365333605448,-1.2013953089515625
-1.4379581952016856,0.020478794319022442,-1.2902313704681154,0.018718636895548972,0.017109765436822508
0.020478794319022442,0.0038702106222048283,0.022163179228771826,0.0035375650645143556,0.0032335104745651083
0.0038702106222048283,-0.24001807405527725,-0.21494871902945684,-0.21938846138204604,-0.2005319690070367
-0.24001807405527725,-0.3001288239033535,-0.4916575662216307,-0.2743326774524297,-0.25075371615241226
-0.3001288239033535,-0.5336608233609218,-0.7589398185271857,-0.48779254394843885,-0.44586665446634566
-0.5336608233609218,-0.037268172718086134,-0.5196763357494327,-0.03406496407957279,-0.031137072013714132
-0.037268172718086134,-0.2689318588410676,-0.27871225931744614,-0.2458170992329824,-0.22468905891521126
-0.2689318588410676,-1.9968902370922599,-2.0624178003945413,-1.8252570286169565,-1.6683757367489584
-1.9968902370922599,-1.737264906367737,-3.398937653193998,-1.5879465591131472,-1.451462160639264
-1.737264906367737,0.5323950104316308,-1.0967079564622908,0.48663552795267395,0.44480908428083193
0.5323950104316308,0.09868948140847703,0.5744316342664358,0.09020709613648267,0.08245377397106946
0.09868948140847703,0.47128405961138947,0.5188066525006962,0.43077707843041446,0.3937516822742944
0.47128405961138947,-0.06485356649738594,0.36994496837412655,-0.05927938645871689,-0.05418430856942228
-0.06485356649738594,0.219671103210967,0.14091946764240598,0.20079031770103922,0.18353234036324295
0.219671103210967,0.32972817207035876,0.5000793517274486,0.3013879543428493,0.27548358532004585
0.32972817207035876,0.030028430238450754,0.3274610225325393,0.027447479251977477,0.02508836163946618
0.030028430238450754,0.9517303560303246,0.8936256734933186,0.8699288971546055,0.7951582938482162
0.9517303560303246,-0.2032745040138958,0.6812664925364764,-0.18580301024970503,-0.1698331956844525
-0.2032745040138958,-0.0923050150060325,-0.2690451569665931,-0.0843713761962623,-0.0771196355992791
-0.0923050150060325,0.39517009023479405,0.2756766841451129,0.3612051234976968,0.33015945403020486
0.39517009023479405,0.01091238533297434,0.36962819258511237,0.009974463121714265,0.009117155555880684
0.01091238533297434,-1.136661343528555,-1.0246897557955914,-1.0389650206581853,-0.9496657208384649
-1.136661343528555,-0.2920493120121841,-1.3004543882280506,-0.26694760160137787,-0.24400338939252492
-0.2920493120121841,-1.428530210743518,-1.5661220009702486,-1.3057476867371756,-1.193518350957438
-1.428530210743518,-1.5771156822134527,-2.7358271430236805,-1.4415622002808823,-1.317659573559044
-1.5771156822134527,-2.296690392997067,-3.5260520316797996,-2.0992892871663913,-1.9188548550771962
-2.296690392997067,-2.148669345231589,-4.04629695761859,-1.9639906849705102,-1.7951852011158043
-2.148669345231589,-2.5002260607361184,-4.231561098573706,-2.2853310140546506,-2.088906249646232
-2.5002260607361184,-2.779493281677815,-4.805755567670248,-2.540595148466163,-2.322230368735964
-2.779493281677815,-1.9036862460915334,-4.262767512882007,-1.7400639436345056,-1.5905050184363645
-1.9036862460915334,-0.2210544394875653,-1.9340013582821816,-0.2020547558834195,-0.1846880997719333
-0.2210544394875653,-0.9040422928529936,-1.0240960806718078,-0.8263396347711612,-0.7553155393193229
-0.9040422928529936,-0.1995874334391361,-1.0045561814560133,-0.1824328443003805,-0.16675269632983228
-0.1995874334391361,-0.6859125241420924,-0.8060080612868538,-0.6269581734896874,-0.5730709638188439
-0.6859125241420924,-0.45540963376190025,-1.038864939427781,-0.41626706339862674,-0.38048880661385087
-0.45540963376190025,0.6490116148003857,0.1762222076490722,0.593228906408697,0.5422407355638735
0.6490116148003857,0.4459700233749578,0.9966844377284487,0.40763878985302554,0.3726021353079354
0.4459700233749578,-0.3512675107134507,0.08620100766328166,-0.32107598151619665,-0.2934794217011586
-0.3512675107134507,-0.9041832406477359,-1.1427481362165173,-0.8264684680681761,-0.7554332993626784
-0.9041832406477359,-1.3651373576896586,-2.065602240005145,-1.2478034650411822,-1.140554449410022
-1.3651373576896586,-1.2179938877042882,-2.3512419050098976,-1.1133070125987252,-1.0176180002328714
-1.2179938877042882,-0.32851143522506676,-1.407674553151795,-0.3002757963295575,-0.274467017562346
-0.32851143522506676,-1.8487791950615873,-1.9818338609173753,-1.689876167185174,-1.5446308937532827
-1.8487791950615873,-2.4895758526961886,-3.948898146498802,-2.2755961940229694,-2.0800081397976804
-2.4895758526961886,-3.1614789401105066,-5.143755997704933,-2.8897490453275125,-2.641374402032038
-3.1614789401105066,-4.6184297973513395,-7.081501365170938,-4.221474616984692,-3.8586378322923247
-4.6184297973513395,-2.7701954525471244,-6.725343645992741,-2.5320964700428643,-2.31446215381962
-2.7701954525471244,-3.037711192644706,-5.286527159202811,-2.7766191662876945,-2.5379680640028166
-3.037711192644706,-0.9315431652691286,-3.6129318611323056,-0.8514768004191544,-0.7782921593789804
-0.9315431652691286,-2.7305332876617894,-3.3333295127124005,-2.495843278013373,-2.2813249325880793
-2.7305332876617894,-0.9400262855409935,-3.3410510978637604,-0.859230794411018,-0.7853796956744713
-0.9400262855409935,-1.9527749038520668,-2.6331125805131634,-1.7849334191512243,-1.6315179514639215
-1.9527749038520668,-2.059956120171633,-3.652505599179847,-1.8829023834884286,-1.721066459149146
-2.059956120171633,-2.924486527990676,-4.536986050699253,-2.673126189491185,-2.4433703340918393
-2.924486527990676,-3.5552199795149924,-5.898019119152095,-3.2496479452662874,-2.9703399027404322
-3.5552199795149924,-4.575057701462933,-7.400417465031523,-4.181830363437017,-3.822401012116603
-4.575057701462933,-3.9260043143797247,-7.737916253530837,-3.588563275083511,-3.280125376355495
-3.9260043143797247,-5.173715808604202,-8.282832440346496,-4.729033658591211,-4.322572049066996
-5.173715808604202,-4.907289584651969,-9.176027105676479,-4.485506834310272,-4.09997641540673
-4.907289584651969,-4.724411894453217,-8.767057490632526,-4.318347526696769,-3.9471844915178287
-4.724411894453217,-3.8581561523641965,-7.812105436090027,-3.526546679330149,-3.2234391223055234
-3.8581561523641965,-3.7381077707642434,-6.914342463017434,-3.416816485742508,-3.1231402659252225
-3.7381077707642434,-3.253886225083434,-6.364318232737515,-2.974213901361787,-2.7185794828541923
-3.253886225083434,-2.673624662399102,-5.395394452334864,-2.4438259631303567,-2.2337785187510026
-2.673624662399102,-2.6732466070757304,-4.866879223384332,-2.4434804017552887,-2.2334626584613653
-2.6732466070757304,-2.1763119692123527,-4.414210608036571,-1.9892574186011847,-1.8182802527580695
-2.1763119692123527,-3.14660348976939,-4.845073941287163,-2.8761521436127238,-2.6289461573737483
-3.14660348976939,-3.570685445873435,-6.1142736210966495,-3.2637841509761674,-2.983261098082398
-3.570685445873435,-1.4098239752196042,-4.533405911934072,-1.288649256771037,-1.1778895352647671
-1.4098239752196042,-1.783239284965948,-2.9064199335914185,-1.6299694285297823,-1.4898731540632464
-1.783239284965948,-2.329894933435337,-3.743895534723532,-2.1296398891630237,-1.9465968153452657
-2.329894933435337,-0.7241891559987454,-2.7799170116910847,-0.6619449193960983,-0.6050505902839923
-0.7241891559987454,-1.165963464200895,-1.7204724132396445,-1.0657486168304267,-0.9741472603126664
-1.165963464200895,-1.6658014561344143,-2.5775555762804356,-1.5226254100561378,-1.3917553804572675
-1.6658014561344143,-2.931535333463035,-4.184630932098331,-2.67956914839438,-2.449259519087942
-2.931535333463035,-1.752319925271948,-4.2633825830476235,-1.6017075954287365,-1.4640404324889258
-1.752319925271948,-2.98684791785746,-4.313729721441954,-2.7301276025154753,-2.49547246160546
-2.98684791785746,-3.1296325034675214,-5.567400070528987,-2.86063981776994,-2.6147671197637665
-3.1296325034675214,-2.300493973229198,-4.942660557522672,-2.1027659487392953,-1.9220326967302788
-2.300493973229198,-2.167663406357282,-4.067048040162879,-1.9813522018569536,-1.811054491343081
-2.167663406357282,-2.1722732232556092,-3.950337748741461,-1.9855658038557098,-1.8149059332106237
-2.1722732232556092,-2.2767253802746916,-4.049609159659879,-2.081040272212517,-1.9021743474603139
-2.2767253802746916,-0.9960713257228186,-2.978995657089092,-0.9104587495639029,-0.8322045954449424
-0.9960713257228186,1.0278755774546267,0.028949163757223662,0.9395294180138202,0.8587766327703735
1.0278755774546267,0.022931588794020907,0.9564755363375746,0.020960613080360648,0.01915904321549406
0.022931588794020907,0.791677897589157,0.7414814729286484,0.7236329869985446,0.6614365532586617
0.791677897589157,2.5271450463047893,3.020890090236855,2.3099363061732605,2.1113967108375604
2.5271450463047893,3.1327514191971533,5.151803947799809,2.863490661923229,2.617372933158828
3.1327514191971533,2.1681609478804336,4.825046080985026,1.9818069795634556,1.8114701807935236
2.1681609478804336,1.8219903676758067,3.631952885551275,1.6653898461215275,1.5222491780253955
1.8219903676758067,1.2021564228327035,2.752667203195242,1.0988307817396736,1.0043860049871833
1.2021564228327035,0.3525719810049158,1.4151594428391747,0.3222683322643208,0.2945692896083498
0.3525719810049158,-0.11904488234843458,0.212563221979362,-0.10881294534433633,-0.09946044584977677
-0.11904488234843458,0.2431062133799975,0.11292426617224761,0.22221117437001764,0.2031120691173792
0.2431062133799975,-0.4285083215894926,-0.1687584426368791,-0.39167792564351167,-0.3580131113144899
-0.4285083215894926,0.603439864134238,0.159227826333888,0.5515740589540431,0.5041661325234554
0.603439864134238,0.4901336973555729,0.9954027649855731,0.4480065851606157,0.4095003086508227
0.4901336973555729,0.09116256298738534,0.5291129240842984,0.0833271182104404,0.07616513184493844
0.09116256298738534,1.052488581918645,1.0409848517803486,0.9620269286725666,0.8793404768382659
1.052488581918645,1.1265707747569211,1.9834438076096008,1.0297417387616365,0.9412351822961439
1.1265707747569211,1.3202934232371906,2.227207637417118,1.206813877817103,1.1030879273192526
1.3202934232371906,2.255572676913757,3.2548583183186213,2.0617056489234495,1.8845015398124487
2.255572676913757,2.5290036408577956,4.355061848337003,2.3116351540659537,2.112949542334801
2.5290036408577956,2.238968799188055,4.339948511310887,2.0465288785841524,1.870629216627653
2.238968799188055,3.1225821704303467,4.880241117477823,2.8541954625965023,2.6088766585071927
3.1225821704303467,3.0990481898650324,5.663110632374144,2.83268423346619,2.589214324827068
3.0990481898650324,5.866111339357952,8.160351436960433,5.361917622675041,4.901059480316629
5.866111339357952,6.11808164353859,10.90836433083159,5.592231017054772,5.111577381635213
6.11808164353859,6.914996121900256,11.863090057074954,6.320650499416657,5.777389029799993
6.914996121900256,7.700856791761399,13.30377847015718,7.038966250845417,6.43396536519776
7.700856791761399,7.238481429457386,13.598224295215266,6.616332164991193,6.0476567832790025
7.238481429457386,8.281927841975047,14.127132226427285,7.570094100953333,6.919442645569129
8.281927841975047,7.68249919494242,14.531290233744507,7.022186494001521,6.418627832593865
7.68249919494242,6.587086561416422,12.988595936543849,6.020924846545852,5.503424870730409
6.587086561416422,5.912828301640644,11.377789528690242,5.404619250525295,4.940090892719423
5.912828301640644,6.279989092846307,11.098260395855029,5.7402224811548095,5.246848942888996
6.279989092846307,4.331437589304172,9.658832136966112,3.9591494600150403,3.618859587275154
4.331437589304172,4.712928932001643,8.232447966816212,4.30785152770055,3.93759062622451
4.712928932001643,3.6726341314146946,7.632785715772158,3.3569703218462323,3.0684378945788136
3.6726341314146946,4.415277767523203,7.361854886281933,4.035783554234268,3.6889069621919743
4.415277767523203,3.2998114412679938,7.022500726955136,3.0161918338863516,2.756949401723063
3.2998114412679938,5.230217396730962,7.764282705576315,4.780678921280542,4.3697783886882124
5.230217396730962,5.350443464792683,9.630828183690872,4.890571529134729,4.470225699788786
5.350443464792683,3.7900171187669045,8.319915603776812,3.4642642124792293,3.1665098488444143
3.7900171187669045,5.67136088211755,8.612024059747542,5.183906015275918,4.738348014485751
5.67136088211755,4.784271575981198,9.517023659831198,4.373062253831104,3.99719647435782
4.784271575981198,3.9949997486896076,7.991150535159767,3.6516285347945154,3.3377701614372635
3.9949997486896076,2.9293048103872463,6.302705319903191,2.6775303393271854,2.447395946163011
2.9293048103872463,3.5637432971840086,5.910163035265542,3.2574386816791012,2.977461023436729
3.5637432971840086,4.763190301630127,7.579419455623047,4.353792920210882,3.979583344715657
4.763190301630127,3.706714413127752,7.709555963248191,3.3881213949390543,3.0969115252548933
3.706714413127752,2.7350530283337866,5.86348586727844,2.4999745458596725,2.2851011169438795
2.7350530283337866,1.6529325658431064,3.994073327092992,1.5108626040598938,1.381003590538075
1.6529325658431064,3.2831153414093013,4.492935736565059,3.000930767929144,2.74300002814951
3.2831153414093013,4.463652240936522,7.051335312699477,4.080000229724592,3.7293232035164396
4.463652240936522,3.6558911088649544,7.390646761615145,3.3416663662148474,3.0544493177091594
3.6558911088649544,4.172353867276907,7.1254984288577585,3.8137390231391373,3.4859472133188976
4.172353867276907,3.85753817195513,7.309043506408585,3.5259818144896866,3.222922807737441
3.85753817195513,3.6669941001424866,6.849050208076862,3.3518150526531656,3.0637257220446044
3.6669941001424866,4.485775841715309,7.4208905812982495,4.1002223015589445,3.747807183288205
4.485775841715309,4.538686701995423,8.214330781992023,4.148585460345816,3.792013516647016
4.538686701995423,4.630660161601106,8.346208744020387,4.232653778410178,3.86885614203559
4.630660161601106,4.0881535262400055,7.936120218970715,3.7367757221850804,3.4155989270673164
4.0881535262400055,4.807847536711103,8.09740137034086,4.394611854920504,4.016893881917683
4.807847536711103,4.141510455370367,8.14596841389223,3.7855466100944843,3.4601779451299985
4.141510455370367,4.117624836937853,7.517707446359228,3.7637139664584014,3.4402218226001606
4.117624836937853,4.1359982125529,7.512690041097249,3.78050814590695,3.455572538182282
4.1359982125529,2.724367971548796,6.244506733653307,2.490207872341165,2.276173891423552
2.724367971548796,2.571380654411033,4.82034589220277,2.3503698528506365,2.1483549842037806
2.571380654411033,2.1608060714529618,4.307375303528619,1.975084256579242,1.8053252775081792
2.1608060714529618,2.2360837709702475,4.002178235291784,2.0438918192533504,1.868218813196849
2.2360837709702475,0.9974059517427567,2.9432172867786974,0.9116786641481989,0.8333196580697869
0.9974059517427567,0.008719517056108517,0.9158049433825194,0.007970072414186572,0.007285042724112451
0.008719517056108517,1.829482931433719,1.673185841597427,1.6722384221761653,1.5285091172787155
1.829482931433719,2.5302997083801575,3.9684021699415126,2.312819824265052,2.1140323898380498
2.5302997083801575,3.1526607242739644,5.172797447901933,2.881688757317418,2.63400689776474
3.1526607242739644,4.695374271471492,7.143511885772079,4.291805694573387,3.922923936412848
4.695374271471492,4.571658086007972,8.435124948777192,4.178722945769034,3.8195606777637274
4.571658086007972,4.276739683873097,8.054071455268863,3.9091528530487643,3.5731602010109014
4.276739683873097,4.604062128539877,8.08356656622329,4.208341852851823,3.8466338324762943
4.604062128539877,2.4291075417293593,6.401797540589041,2.2203251493001934,2.029487655003208
2.4291075417293593,1.6445599365839636,3.707971749079881,1.5032096043509526,1.3740083680419761
1.6445599365839636,2.477878523805293,3.752364528970526,2.2649042534357684,2.0702351741414606
2.477878523805293,2.219936363327439,4.276089046695446,2.0291322852807188,1.854727864810079
2.219936363327439,0.8828916421754032,2.8242851553072925,0.8070068877367982,0.7376444466616073
0.8828916421754032,1.7646928758568357,2.4099091662311016,1.6130170878586667,1.4743778712546534
1.7646928758568357,2.498999634320988,3.88093811256503,2.2842099992924383,2.0878815863793663
2.498999634320988,2.8950678622764436,4.909838615078771,2.6462360653521513,2.41879142275587
2.8950678622764436,2.6408040441327185,5.038913152525933,2.4138262851002303,2.2063573204479514
2.6408040441327185,1.7235671255024432,3.9725787845124643,1.5754261058922239,1.4400178434612514
1.7235671255024432,1.9284310911218911,3.324156006110719,1.762681963130392,1.6111790135771171
1.9284310911218911,2.2179610722675913,3.7741678927658113,2.0273267709747342,1.8530775349040818
2.2179610722675913,1.690568224759767,3.5576581277147126,1.5452634688086213,1.4124476924755693
1.690568224759767,2.3145542931500422,3.645580113515345,2.115617780694513,1.9337799105586273
2.3145542931500422,2.388461298566956,4.280822880710232,2.183172460764302,1.9955282492118829
2.388461298566956,2.587371383026724,4.52914900632414,2.364986174397181,2.161715029307814
2.587371383026724,0.38568100816184714,2.7061595807093286,0.3525316303697071,0.32223144977616197
0.38568100816184714,1.8878280257478224,2.0694146770431496,1.7255687412412768,1.5772556822645416
1.8878280257478224,3.217398940895123,4.646927483828573,2.940862708250224,2.6880948330177126
3.217398940895123,2.3881471862512904,5.102332674003383,2.182885346479654,1.9952658124708262
2.3881471862512904,0.9576911966820114,3.045480336073119,0.8753774020818468,0.800138498432912
0.9576911966820114,1.8348271541815753,2.541832196396297,1.6771233076605188,1.5329741456506747
1.8348271541815753,1.1019988725387506,2.6731852800980906,1.0072817976005681,0.9207056786183363
1.1019988725387506,0.22645221423216821,1.209195184929663,0.206988590557189,0.18919787013840322
0.22645221423216821,1.6079551910572292,1.6697314818469942,1.4697510457319791,1.3434255807899333
1.6079551910572292,-0.1321225163468085,1.3433462336648618,-0.12076655347453083,-0.11038663841243902
-0.1321225163468085,0.9399277729883968,0.7352880632332381,0.8591407490366183,0.7852973897222137
0.9399277729883968,-0.5692127944338845,0.33743565834932376,-0.520288814337643,-0.475569862399347
-0.5692127944338845,1.2233439415477398,0.5954093765885021,1.1181972279945693,1.0220879004091137
1.2233439415477398,1.3202178633163992,2.3152246384086057,1.206744812290143,1.103024797991372
1.3202178633163992,0.9774371892900174,2.0913930922321486,0.8934262217542103,0.8166360176021138
0.9774371892900174,1.1464914227456802,1.933262185099015,1.047950202141693,0.9578786237569812
1.1464914227456802,1.637443392400606,2.5340192101581205,1.4967047288956792,1.3680625882367201
1.637443392400606,2.287275206280702,3.5723941054276094,2.090683338070857,1.910988589429357
2.287275206280702,2.870736511482879,4.694973714155298,2.6239960001614038,2.398462896654495
2.870736511482879,3.1572376907847257,5.486839111238686,2.8858723324275233,2.6378308935621186
3.1572376907847257,2.464693908152459,5.117247211534729,2.2528528587507055,2.059219599802443
2.464693908152459,3.144047516798663,5.1052411278850105,2.8738158571493435,2.626810675308216
3.144047516798663,1.539650037219996,4.263239035584326,1.4073167367167199,1.2863575160359666
1.539650037219996,2.78764013587622,3.9388265726969167,2.5480417785365317,2.329036959114833
2.78764013587622,3.2716659466666953,5.515358308626516,2.9904654514890265,2.733434208239028
3.2716659466666953,4.405358529675695,6.98785308983015,4.026716877326653,3.680619568401156
4.405358529675695,3.3695724794215898,7.076970490658316,3.0799568936018415,2.815233838826303
3.3695724794215898,3.594462763970935,6.338869355332787,3.2855178027177465,3.003126737095484
3.594462763970935,4.228047569744727,7.120278588941853,3.8646458381412043,3.5324785750137333
4.228047569744727,4.207786109204989,7.678543506067748,3.8461258551329975,3.5155503891136317
4.207786109204989,3.574781811814234,7.083921832123349,3.267528433253854,2.98668355837467
3.574781811814234,3.8299746477487315,6.740026746671155,3.5007873819882582,3.1998938429245274
3.8299746477487315,3.6554693828428078,6.813470942955852,3.3412808876483364,3.054096971120531
3.6554693828428078,4.503300908092357,7.426352275209681,4.116241084157764,3.7624491475711075
4.503300908092357,3.4801070048830387,7.266732289830924,3.180990949332982,2.9075839925440516
3.4801070048830387,3.8502282408497384,6.672286372700125,3.519300173766033,3.216815455682227
3.8502282408497384,3.876623707294483,7.0332075176897755,3.543426943358561,3.2388685234766332
3.876623707294483,4.434841552937873,7.565339719667232,4.05366582746651,3.7052522496286673
4.434841552937873,4.028563660950425,7.70363992671948,3.6823076205168968,3.365812372173823
4.028563660950425,4.035705691872482,7.340334746619724,3.688835792119391,3.371779445816699
4.035705691872482,3.761542326193588,7.097284087489857,3.438236835351813,3.14271953120159
3.761542326193588,3.6623637455735394,6.757457285966981,3.3475826782016456,3.0598571212212433
3.6623637455735394,3.507440437176355,6.526166285687831,3.2059750663780173,2.9304207185659297
3.507440437176355,3.036308525615217,5.956312442356807,2.775337058835403,2.5367961540023227
3.036308525615217,5.806019275706333,8.048546391660624,5.306990486717921,4.850853345244568
5.806019275706333,4.1178646739649905,9.03301055435293,3.7639331894338923,3.44042220330683
4.1178646739649905,3.076192454282915,6.548242028790907,2.8117929539954583,2.5701186559803517
3.076192454282915,2.33509066271606,4.92550877825032,2.134389044230375,1.950937779363046
2.33509066271606,1.6565039389005753,3.6332666069009623,1.514127016722079,1.3839874261266731
1.6565039389005753,1.7208326578740596,3.074150935156601,1.5729266664310442,1.4377332314383273
1.7208326578740596,3.0528580790282964,4.34515347300932,2.7904641740501486,2.5506230899327713
3.0528580790282964,4.32219387384104,6.712988832500032,3.950700244176224,3.6111365836219553
4.32219387384104,4.089541385149633,7.656608416647393,3.738044294279065,3.4167584650768887
4.089541385149633,1.4333820993707698,5.027127118733463,1.3101825543400407,1.197572040595834
1.4333820993707698,2.277304204632663,3.377575626432633,2.0815693464741347,1.9026579476586327
2.277304204632663,0.6840000077232573,2.695466043387857,0.6252100383288349,0.5714730813063005
0.6840000077232573,0.467759271531468,1.0483651137341676,0.42755524675546464,0.390806767826575
0.467759271531468,-0.6621033329478896,-0.1768976709979052,-0.6051953881519293,-0.5531786952493574
-0.6621033329478896,0.022596934206413566,-0.5820975012106332,0.02065472213711148,0.018879443674275
0.022596934206413566,-0.7420804105318197,-0.6548949855006294,-0.6782984161886013,-0.6199984999930636
-0.7420804105318197,0.22007875638311714,-0.4751412325283274,0.20116293298248228,0.18387292926932844
0.22007875638311714,0.49394538157285806,0.6499257354206255,0.4514906541791507,0.41268492107775684
0.49394538157285806,0.17440522070347614,0.6083523421865705,0.15941504896135347,0.14571328617827442
0.17440522070347614,0.31015336244426683,0.4410594499062869,0.2834956044328766,0.259129087298559
0.31015336244426683,1.1849158323761357,1.3608558790883398,1.083072024285794,0.9899817166238692
1.1849158323761357,0.5785856308948327,1.6051908114938287,0.5288560531926609,0.4834007449613912
0.5785856308948327,1.586541275139585,1.9707620819538247,1.450177661169888,1.325534533459359
1.586541275139585,1.286307075846075,2.614950921142962,1.17574866536808,1.0746927775434574
1.286307075846075,1.5514360147173347,2.5829970823520516,1.4180897065407718,1.2962045464461418
1.5514360147173347,2.220079297342736,3.432943975616586,2.0292629340821415,1.8548472843147907
2.220079297342736,3.306879199529447,5.030799905451388,3.0226521165817433,2.762854421527149
3.306879199529447,3.444987457993371,6.145747278816901,3.1488899361618476,2.878242069373724
3.444987457993371,3.3034883173639145,6.142660798307339,3.019552681574808,2.7600213837236356
3.3034883173639145,3.887299664383779,6.5452663556583,3.5531852993024637,3.247788146319945
3.887299664383779,2.0307247743408237,5.386759608135927,1.856183479042629,1.6966440511315404
2.0307247743408237,3.9394651167863337,5.434242134585713,3.6008671182027316,3.29137170112348
3.9394651167863337,2.035252526762929,5.438363427783396,1.8603220700271388,1.700426929200015
2.035252526762929,3.21804185164742,4.7817027895489685,2.9414503606647666,2.688631976562262
3.21804185164742,2.256417963542768,4.983014063927235,2.06247828295818,1.8852077657612991
2.256417963542768,2.8431734275259326,4.641797817470101,2.5988019700698786,2.375434299664254
2.8431734275259326,2.4670962392962577,4.833563369959978,2.255048708940082,2.0612267161263658
2.4670962392962577,2.722546624046157,4.723765311609371,2.4885430701056714,2.274652179350876
2.722546624046157,1.7345421763271025,4.056973094369299,1.5854578483911543,1.4491873552177468
1.7345421763271025,-0.31521204724510943,1.2919159576159063,-0.2881194940271994,-0.2633555524416186
-0.31521204724510943,0.5171550491801267,0.1838144497767067,0.4727054451301633,0.4320762955132192
0.5171550491801267,-0.27568046118820877,0.2197972601252821,-0.2519856575436269,-0.23032742811738252
-0.27568046118820877,-0.7519651036567082,-0.9353931666729693,-0.6873335175010281,-0.6282570321188888
-0.7519651036567082,-1.344433056762222,-1.9082031596930804,-1.2288787038858406,-1.1232562761443832
-1.344433056762222,0.8256934355821133,-0.47217203434106614,0.7547248811099795,0.6898560914014028
0.8256934355821133,-0.23180897279219226,0.5405710755641444,-0.21188493439756212,-0.19367337201785556
-0.23180897279219226,0.3180949366413336,0.07854001780901752,0.2907545983686607,0.26576416891489807
0.3180949366413336,-0.9682337859468753,-0.5917754699022181,-0.8850138531987267,-0.8089466941991554
-0.9682337859468753,0.8605403617960948,-0.09802571673771185,0.7865767054197538,0.7189702435544748
0.8605403617960948,-0.10450945445857118,0.6881615303071995,-0.09552684106723763,-0.08731628551273979
-0.10450945445857118,-2.5069158275978043,-2.3769959679446453,-2.2914457938043284,-2.094495462568018
-2.5069158275978043,0.8108611123050882,-1.5437988011242887,0.7411673996774844,0.6774638788424197
0.8108611123050882,-0.9913859638479634,-0.16431902041375607,-0.9061760956979867,-0.8282900367352561
-0.9913859638479634,0.727565083856546,-0.2401375112311827,0.6650306854217397,0.6078711339585263
0.727565083856546,1.0804691806652629,1.6457258747567427,0.9876025880545979,0.9027179019873524
1.0804691806652629,1.6080445380852848,2.4471641264810104,1.469832713360933,1.3435002290660327
1.6080445380852848,1.1906424093261871,2.5474470340954456,1.0883064005343441,0.9947661969426291
1.1906424093261871,1.4037894664367958,2.3615280705789465,1.2831334155067167,1.1728477819177747
1.4037894664367958,2.5149065906097317,3.5669122111988076,2.2987497487642017,2.1011716407973346
2.5149065906097317,1.8660071200452584,3.987636291067937,1.7056233477666767,1.5590246002792565
1.8660071200452584,2.1537962902421675,3.6589430928152713,1.9686769677927034,1.7994686967734075
2.1537962902421675,2.9168388566157444,4.615440993781212,2.666135837357473,2.436980804448415
2.9168388566157444,2.701777237746151,5.11422934192103,2.4695588176815884,2.2572996281057196
2.701777237746151,2.184717504534304,4.447830990836138,1.9969404960887185,1.8253029678402717
2.184717504534304,3.6305724842678924,5.293247695345424,3.3185238836475563,3.033295937227365
3.6305724842678924,3.501561462980667,6.491877731267584,3.2006013914646867,2.9255089123369897
3.501561462980667,3.22711292950205,6.124636998210131,2.949741777140118,2.6962107437462124
3.22711292950205,2.344752165750804,5.07167520983724,2.143220138695962,1.9590098390808424
2.344752165750804,1.3983894882575392,3.4071174389554693,1.2781975667840455,1.1683361706104032
1.3983894882575392,2.4115266547243563,3.4678975394401794,2.2042553438701615,2.0147990533140225
2.4115266547243563,3.0375909749281558,4.959946862557979,2.7765092813135372,2.537867623669295
3.0375909749281558,0.5897875030639179,3.301746397127132,0.5390951216855111,0.49275976299148516
0.5897875030639179,0.4343671828578146,0.9322156661785045,0.3970332163405448,0.36290811345505825
0.4343671828578146,1.4086210246257704,1.677541979952172,1.2875497000774898,1.1768844857402712
1.4086210246257704,3.567645824305406,4.529544198182675,3.2610057856317307,2.980721533924689
3.567645824305406,5.107812380747104,7.896656785540353,4.668794646615631,4.267510595030608
5.107812380747104,5.486254625663535,9.643030850395917,5.0147096872265395,4.583694152569934
5.486254625663535,6.509585900523183,10.918966266727457,5.950085386574417,5.438674079818352
6.509585900523183,5.4520208935580925,10.88780571860017,4.9834183528404115,4.555092316093308
5.4520208935580925,6.165467373802185,10.574578931630125,5.635543932112996,5.1511675409596585
6.165467373802185,4.477340008131878,9.687395771303803,4.092511529952979,3.7407591544038823
4.477340008131878,4.029222134590487,7.7429226305105185,3.6829094981851616,3.3663625183080277
4.029222134590487,4.238355685838006,7.525392083342348,3.8740679691134376,3.541090871504631
4.238355685838006,6.152548261346759,9.458105868649962,5.623735220560028,5.140373791077668
6.152548261346759,6.210045662515503,11.252795977841492,5.676290705914735,5.188412119501636
6.210045662515503,6.161870989822548,11.261281799032496,5.6322566582235725,5.148162809071943
6.161870989822548,5.693328812184164,10.790950950110227,5.2039857963342095,4.756701933408758
5.693328812184164,4.179927835760383,8.986928097811152,3.820662007163095,3.4922751651582193
4.179927835760383,4.876474641544464,8.243403447364186,4.457340443164354,4.07423093252795
4.876474641544464,4.144247851727193,8.210926478267664,3.7880487265591736,3.46246500406732
4.144247851727193,4.322525522734733,7.706705725368943,3.951003387765692,3.611413671945128
4.322525522734733,3.1814127984219724,6.830304989254422,2.9079695835997805,2.6580288805451224
3.1814127984219724,3.3718196570670043,5.964944595862654,3.082010925774294,2.81711132642684
3.3718196570670043,1.6281184355450857,4.551090459212001,1.4881812543821915,1.360271708460256
1.6281184355450857,2.399358977261918,3.665928195231324,2.193133481287169,2.0046331175636034
2.399358977261918,3.444868832027381,5.319587749220059,3.1487815061268973,2.878142958927025
3.444868832027381,3.9774742343520355,6.756034592570392,3.6356093427374896,3.3231278228891883
3.9774742343520355,5.785903201288947,8.886912812518043,5.288603393858986,4.834046627552627
5.785903201288947,5.459475763766191,10.235874118863087,4.99023247511514,4.561320762877601
5.459475763766191,5.757150904594987,10.209702934192288,5.262322364158551,4.810024458838005
5.757150904594987,5.924623169055323,10.633093760064025,5.4154003461760984,4.949945350539536
5.924623169055323,4.715167756098265,9.684650103773533,4.309897924313789,3.9394611345440325
4.715167756098265,6.874533920147716,10.549286760532814,6.2836660338860515,5.743583388205152
6.874533920147716,7.087512075739038,12.708664216632961,6.478338664466386,5.921523858164838
7.087512075739038,6.447714419359639,12.32016057481538,5.893531774479472,5.386981264633735
6.447714419359639,5.350456487163755,10.739041574968757,4.890583432229795,4.470236579809895
5.350456487163755,5.8838945324862,10.225836159154666,5.37817234596712,4.915917106132003
5.8838945324862,6.340559750387795,11.127057220581754,5.795587075738905,5.29745493691113
6.340559750387795,6.070083587197914,11.296531965031141,5.548358405496842,5.071475631863278
6.070083587197914,6.006749157589348,10.992687762177171,5.4904675857366065,5.018560542342069
6.006749157589348,5.530961752200628,10.501963238360677,5.055574225209318,4.62104637343254
5.530961752200628,5.346823749940367,9.90127975570303,4.88726292966689,4.467201475261379
5.346823749940367,6.451451490614033,10.739136542867216,5.896947643537682,5.390103538903757
6.451451490614033,7.308571253753287,12.524776721328243,6.680397751598951,6.106215916913985
7.308571253753287,5.271541854942981,11.450788326638046,4.818451532115231,4.40430443430383
5.271541854942981,5.554249516494064,9.853953171293632,5.076860400417058,4.640502996630254
5.554249516494064,4.015894158689441,8.711025770053434,3.670727065100585,3.3552271683522594
4.015894158689441,2.7870750706172855,6.192262340119479,2.5475252807759943,2.328564854464225
2.7870750706172855,3.4794379212203586,5.703964121439968,3.1803793735761605,2.9070249818743936
3.4794379212203586,2.325424117062237,5.2837558685988055,2.125553340560063,1.9428615066028079
2.325424117062237,-0.713401778150299,1.4673100647984205,-0.6520847193347797,-0.5960378768502796
-0.713401778150299,0.5751861429283014,-0.12580792944261,0.5257487520554461,0.4805605171234357
0.5751861429283014,1.5708510816554864,1.95338609338954,1.4358360436862385,1.3124255815362504
1.5708510816554864,3.3319526794058354,4.462675938593069,3.0455705246775753,2.7838029867935816
3.3319526794058354,2.416841434042831,5.232721197158263,2.2091133165951518,2.0192394820849247
2.416841434042831,3.924466919426187,5.772045055725301,3.5871580196054773,3.2788409029324503
3.924466919426187,0.8057068405702079,4.305543042891574,0.7364561388696841,0.6731575520632338
0.8057068405702079,0.3457739074092072,1.0481115863891932,0.31605455477112687,0.2888895878235241
0.3457739074092072,0.9394411700792927,1.1698404997925875,0.858695969767588,0.7848908393410757
0.9394411700792927,1.2452699271285959,1.9885881877875478,1.138238669706001,1.0404067752615813
1.2452699271285959,2.4422585920941255,3.3564967307703633,2.232345863641978,2.0404751859820207
2.4422585920941255,3.0374374191283757,4.987780203300128,2.776368923672628,2.5377393298022453
3.0374374191283757,2.6849597631134072,5.208693935311635,2.4541868091421004,2.2432488474922008
2.6849597631134072,4.150455169562165,6.221795371990926,3.7937225238949956,3.4676511371225036
4.150455169562165,4.336315969925952,7.724908278266696,3.9636085426189687,3.6229354106292986
4.336315969925952,5.79941674441322,9.22584152022035,5.300955444618177,4.845337016502035
5.79941674441322,4.412548759571891,9.295230843690053,4.033289105189569,3.6866269116580033
4.412548759571891,4.769548594881751,8.357814615176238,4.359604716589051,3.9848956157614563
4.769548594881751,4.030075524175366,8.009676246205412,3.6836895387247046,3.3670755141707747
4.030075524175366,4.782379669446465,8.021355467018005,4.371332957129731,3.9956158111345164
4.782379669446465,4.1732476898257564,8.151674975989327,3.8145560214194227,3.4866939903954535
4.1732476898257564,3.834559504008527,7.288941231676143,3.504978168721522,3.2037244305042747
3.834559504008527,2.3840795181947585,5.660387828611569,2.179167295496002,1.9918673288863962
2.3840795181947585,2.8631756732841738,4.776205744282432,2.6170850178710015,2.3921459149967688
2.8631756732841738,3.7396870326968905,6.010119507095373,3.418260009722468,3.1244597186630134
3.7396870326968905,4.385596020089765,7.395871207800421,4.008652960314692,3.6641082495124198
4.385596020089765,1.021102436397404,4.921335685638466,0.9333384301012789,0.8531177617961215
1.021102436397404,0.02330033749535021,0.9506460703705811,0.021297667739846968,0.019467127943852153
0.02330033749535021,2.226836265947585,2.0481404045750717,2.03543913956858,1.8604926434161102
2.226836265947585,1.4871609178485325,3.380589286433414,1.3593390701033639,1.2425035417032637
1.4871609178485325,1.4117967124314412,2.6387163537727836,1.2904524367328776,1.179537731464075
1.4117967124314412,2.521615159032495,3.5803069775647276,2.3048817140761444,2.106776562178069
2.521615159032495,2.3702160067275644,4.452688360174417,2.1664953562592943,1.980284545953025
2.3702160067275644,1.6493948944626025,3.658767865382527,1.5076289964072245,1.3780479122608262
1.6493948944626025,1.5012424236655462,2.8678025954276056,1.3722102670217486,1.2542684560714183
1.5012424236655462,3.352971484027561,4.4184480273704585,3.0647827578570994,2.80136392379201
3.352971484027561,1.4335859446319101,4.356865113636221,1.310368879050701,1.1977423506516502
1.4335859446319101,3.0470085930086057,4.078368706601344,2.7851174527968143,2.5457359206901016
3.0470085930086057,2.2595815184914,4.83021413066726,2.0653699295785843,1.887850874641362
2.2595815184914,2.0328591423500098,3.907105523397248,1.8581343975949152,1.6984272877530007
2.0328591423500098,3.839473750234259,5.345169821251729,3.5094700342718954,3.2078302191025307
3.839473750234259,2.6433035462260643,5.900814241422595,2.4161109543720705,2.20844562183229
2.6433035462260643,3.5854307750775485,5.669576866269111,3.2772621154977775,2.995580628228602
3.5854307750775485,2.8546803397586826,5.86197823015131,2.6093198603576737,2.3850481746872374
2.8546803397586826,1.426029383685614,3.8964276797366426,1.3034618063818078,1.1914289425825002
1.426029383685614,1.4744382360212827,2.6400907904852167,1.347709905917625,1.2318739070479965
1.4744382360212827,2.5599609280809563,3.67222857649551,2.339931654815673,2.1388139518648397
2.5599609280809563,2.0289661656427285,4.176976179989996,1.8545760231959527,1.6951747565114164
2.0289661656427285,2.5831386368284157,4.198073211031804,2.3611172337787605,2.158178625089945
2.5831386368284157,2.5317005260300203,4.655676787055553,2.314100241292352,2.1152027547059977
2.5317005260300203,2.4622344798856397,4.545626273439318,2.250604818950116,2.0571647795772656
2.4622344798856397,1.9355181423860697,4.002963562842682,1.7691598805901652,1.617100152433236
1.9355181423860697,2.0758678032842037,3.6512812693686003,1.8974464535123452,1.7343604627667442
2.0758678032842037,-0.08888897105943183,1.8086064744193902,-0.0812489420695491,-0.07426557545600575
-0.08888897105943183,-0.09981482326268726,-0.17176373428012537,-0.09123571458072176,-0.08339398240628436
-0.09981482326268726,-1.8965825369748042,-1.8171794951617561,-1.7335708000687176,-1.5845699621617988
-1.8965825369748042,-1.17270102057387,-2.793752013853137,-1.0719070785711093,-0.9797764007475548
-1.17270102057387,-0.9041817864294435,-1.8904397120077583,-0.8264671388403046,-0.7554320843822705
-0.9041817864294435,-1.7087417934321854,-2.3783597625997475,-1.5618750147705498,-1.427631471964298
-1.7087417934321854,-0.6610850939025955,-2.1570860152988196,-0.6042646670037597,-0.5523279698134652
-0.6610850939025955,-0.441731627977236,-1.0038161609686447,-0.4037646855852745,-0.36906101125767005
-0.441731627977236,-0.16994365251518928,-0.5567648002078724,-0.15533695365943923,-0.14198570417355308
-0.16994365251518928,-0.5772079255169789,-0.6800793040601355,-0.527596761931889,-0.48224969009512725
-0.5772079255169789,0.005898329043968031,-0.520022769403177,0.005391366207626352,0.004927976952126933
0.005898329043968031,0.9431891973153473,0.863887333435852,0.8621218531381322,0.7880222671908172
0.9431891973153473,0.048128373035150274,0.9023263594278651,0.04399172750036745,0.04021062766973592
0.048128373035150274,-0.592110306620758,-0.4951483282529572,-0.5412182797036466,-0.4947004350542167
-0.592110306620758,0.7545537016998516,0.14786074783582828,0.6896996249038023,0.6304197720067181
0.7545537016998516,-1.8709352627366689,-1.0161632758577916,-1.7101279153780755,-1.563141999193259
-1.8709352627366689,-3.869580801100466,-5.225186273343188,-3.536989376689279,-3.232984267250609
-3.869580801100466,-5.0910997409399465,-8.15627453131561,-4.65351846232261,-4.253547402545933
-5.0910997409399465,-4.410499936095523,-8.648635010362087,-4.031416378596402,-3.684915146377488
-4.410499936095523,-4.173720692940727,-7.813609664948445,-3.8149883697999805,-3.4870891783260496
-4.173720692940727,-3.515885468566372,-6.999305309088329,-3.2136942452368236,-2.937476432097638
-3.515885468566372,-3.3956809495902025,-6.291110690022464,-3.103821334318968,-2.8370471249768605
-3.3956809495902025,-1.7125579981749286,-4.649669077483255,-1.5653632157742645,-1.4308198612312664
-1.7125579981749286,-0.38777124268707297,-1.911781344536067,-0.35444220872186616,-0.32397781344764737
-0.38777124268707297,0.5256706072126658,0.12552005056845686,0.4804890888491693,0.43919093313449054
0.5256706072126658,-0.8391015646154505,-0.2852940603335116,-0.7669805781453549,-0.7010584082533258
-0.8391015646154505,-0.16061416602861056,-0.9099706115123948,-0.14680933883779995,-0.13419103994944426
-0.16061416602861056,-1.15448361814549,-1.1970406168286805,-1.0552554663753573,-0.9645559987276834
-1.15448361814549,-1.3986959124083662,-2.323978974725383,-1.2784776537035196,-1.168592183990056
-1.3986959124083662,-2.3032808594222205,-3.3696479545211333,-2.1053133013765524,-1.924361103779977
-2.3032808594222205,-1.996487400420607,-3.913775319160031,-1.8248888158566048,-1.6680391719661904
-1.996487400420607,-1.4138976386123463,-3.1042325976627616,-1.2923727877902729,-1.1812930278743707
-1.4138976386123463,-1.381028659202695,-2.5440239804132325,-1.2623289052690723,-1.1538314244671577
-1.381028659202695,-2.511919712487418,-3.5434759119883203,-2.2960195935533108,-2.0986761431003003
-2.511919712487418,-3.686180704188706,-5.641692986809768,-3.369352563348619,-3.0797558793695923
-3.686180704188706,-4.029104275884145,-7.022678923723901,-3.6828017694637034,-3.366264048896754
-4.029104275884145,-4.536702705126797,-7.796849021857464,-4.146771988497465,-3.790355913151382
-4.536702705126797,-3.424074716914843,-7.246133352510464,-3.1297746503378194,-2.860769747081671
-3.424074716914843,-3.794677437459811,-6.5707201666625545,-3.468523975630863,-3.1704034843023576
-3.794677437459811,-3.719489360382946,-6.839615249060828,-3.399798332326313,-3.1075848269932247
-3.719489360382946,-3.705487574761996,-6.758432017255973,-3.3870000036334744,-3.095886517808655
-3.705487574761996,-2.4261654052919446,-5.581210578978128,-2.217635890215347,-2.0270295384000967
-2.4261654052919446,-0.924606446761405,-3.049970924521853,-0.8451362945783345,-0.7724966215792687
-0.924606446761405,-0.7516293789552633,-1.525759065913366,-0.6870266484204897,-0.6279765385115218
-0.7516293789552633,-0.9969491567556519,-1.5916075246642534,-0.9112611308029189,-0.8329380118185318
-0.9969491567556519,0.5044637829278489,-0.4482746475283329,0.4611049963429779,0.4214729081609163
0.5044637829278489,0.6171993988622891,1.020970762145498,0.5641509582779863,0.5156620442480089
0.6171993988622891,0.1426954206664729,0.6916785766351854,0.13043071405977305,0.11922016201140355
0.1426954206664729,1.2410351565698523,1.2595122002581025,1.134367878721424,1.0368686797169837
1.2410351565698523,1.166545397572184,2.191450511343411,1.0662805328849008,0.9746334580510444
1.166545397572184,-0.31091464945897584,0.7788202298145056,-0.2841914586408754,-0.25976513266572554
-0.31091464945897584,0.6270293983905011,0.2877369261839934,0.5731360669218628,0.5238748805874781
0.6270293983905011,0.7079143206763712,1.215104969480985,0.6470689101843939,0.5914531777336802
0.7079143206763712,-1.2002998020386881,-0.44818372247322225,-1.0971337379608992,-1.002834822539825
-1.2002998020386881,-2.9096851425976995,-3.7410289732742914,-2.6595969868239724,-2.4310039697312873
-2.9096851425976995,-2.2860228119857404,-4.729285935739111,-2.0895385873744905,-1.909942230337733
-2.2860228119857404,-1.6130978829295763,-3.5490941418185864,-1.4744517219692876,-1.3477222327450722
-1.6130978829295763,-1.058447924466634,-2.4317194353574174,-0.9674740642584925,-0.8843194297768703
-1.058447924466634,-2.477435293840447,-3.218464725293881,-2.264499119195738,-2.0698648612893
-2.477435293840447,-2.4167760043852473,-4.454854826629674,-2.209053510632778,-2.0191848164597697
-2.4167760043852473,-1.6414791430284366,-3.6939429929608383,-1.5003936057615,-1.3714344052259435
-1.6414791430284366,-3.250216766940268,-4.452565246381768,-2.9708598340512165,-2.7155136984563537
-3.250216766940268,-2.6806754216317423,-5.39847221186768,-2.450270707867655,-2.2396693360883266
-2.6806754216317423,-2.447220650214206,-4.6675615689906875,-2.2368814316425865,-2.044620920794133
-2.447220650214206,-1.4477946029230382,-3.5453572481689144,-1.3233562996566839,-1.2096134992527838
-1.4477946029230382,-4.0291820125663875,-4.985304929457456,-3.682872824658931,-3.3663289968804233
-4.0291820125663875,-3.166458103008292,-6.549682910335136,-2.8943002479459627,-2.645534427662732
-3.166458103008292,-1.1625581274291332,-3.9403976807690824,-1.0626359695942338,-0.9713021458742589
-1.1625581274291332,-2.126417554964583,-2.993722236449222,-1.9436514415660735,-1.7765941206993074
-2.126417554964583,-2.1435641193414843,-3.8866626944159055,-1.959324254505028,-1.7909198514999556
-2.1435641193414843,-1.0789643702806822,-2.933240050577589,-0.9862271164937817,-0.9014606525464927
-1.0789643702806822,-2.001078702661485,-2.803545640683322,-1.8290854945372872,-1.6718751450790224
-2.001078702661485,-0.5596470164542253,-2.330847737124264,-0.5115452173350423,-0.4675777797160095
-0.5596470164542253,-0.27941784162835415,-0.7637414703038329,-0.25540180921299666,-0.23344996070806623
-0.27941784162835415,-1.8955662096458443,-1.9797343449748646,-1.7326418263243917,-1.5837208339399589
-1.8955662096458443,-1.3769648078803285,-2.9787538196413816,-1.258614342970343,-1.1504361297143204
-1.3769648078803285,-2.870818806826393,-3.866457368792999,-2.6240712221998423,-2.3985316533401737
-2.870818806826393,-1.4759592482643655,-3.9565650150881657,-1.3491001867832082,-1.2331446929302252
-1.4759592482643655,-3.3618076703348647,-4.403477494983567,-3.0728594717715607,-2.8087464421531423
-3.3618076703348647,-4.62830131712316,-7.272831804580802,-4.230497677196997,-3.8668853582535534
-4.62830131712316,-5.280891933183456,-9.019638648445403,-4.826997968824439,-4.412116302669629
-5.280891933183456,-5.689401879465702,-9.985483536140555,-5.200396384451604,-4.7534210323629065
-5.689401879465702,-4.008289008717942,-8.82712298834534,-3.663775579645191,-3.3488731647865646
-4.008289008717942,-4.162354667605644,-7.437159779214508,-3.8045992571462435,-3.4775930124677106
-4.162354667605644,-3.6324192600774303,-7.095032097779441,-3.3202119286206977,-3.0348388943186544
-3.6324192600774303,-2.481885630034098,-5.565419838140932,-2.268566947895726,-2.073583059109063
-2.481885630034098,-3.28570797466779,-5.249833046084352,-3.003300563719509,-2.7451661394071074
-3.28570797466779,-3.538983824027447,-6.2120348605912215,-3.234807291348067,-2.9567748066874078
-3.538983824027447,-4.158832000803855,-7.006777985696732,-3.8013793644250473,-3.474649870320191
-4.158832000803855,-3.0420161180210075,-6.554423387809942,-2.7805540822659545,-2.541564772982072
-3.0420161180210075,-1.4800022790974896,-4.116073919778391,-1.3527957181188817,-1.236522592435976
-1.4800022790974896,-1.459662438615054,-2.6757691399883607,-1.3342040919433875,-1.2195289211164881
-1.459662438615054,-2.0140272784923052,-3.1618543743870813,-1.8409211370812655,-1.6826935112267036
-2.0140272784923052,-2.322813973728935,-3.947520245353645,-2.1231675396901335,-1.9406807659061835
-2.322813973728935,-3.25723022620157,-5.079120071068293,-2.977270484758914,-2.7213733521543317
-3.25723022620157,-2.176340094838401,-4.9457952457614605,-1.9892831268227358,-1.8183037513516365
-2.176340094838401,-3.346629878741466,-5.027169434440391,-3.058986215109705,-2.796065595323658
-3.346629878741466,-3.199873493489382,-5.958819586702928,-2.9248435773722217,-2.673452550390309
-3.199873493489382,-4.238192440664563,-6.77034600847089,-3.8739187549029217,-3.540954482292318
-4.238192440664563,-5.71808212881775,-9.062493447552663,-5.226611559296938,-4.7773830064634675
-5.71808212881775,-7.6761554880519,-12.19182835816029,-7.01638803028312,-6.413327748262438
-7.6761554880519,-7.790694552123512,-14.07838104154027,-7.121082433543032,-6.509023641735917
-7.790694552123512,-7.1601735139168445,-13.608719098509166,-6.544754834108528,-5.9822315416425536
-7.1601735139168445,-7.246084612177117,-13.112999140427208,-6.623281852280593,-6.054009143231514
-7.246084612177117,-7.090173049371427,-13.049282662256449,-6.480770926758656,-5.9237470669130925
-7.090173049371427,-7.838226589850695,-13.588267676705152,-7.164529080902257,-6.548736039037104
-7.838226589850695,-8.228386114421944,-14.624302628529055,-7.521154298091209,-6.874709230835581
-8.228386114421944,-8.806637246680951,-15.505778442681967,-8.049704602888308,-7.357830506551432
-8.806637246680951,-8.039421496735063,-15.333777299316985,-7.348431235908717,-6.716831758455375
-8.039421496735063,-5.7432387347439295,-12.545382026775265,-5.2496059487380755,-4.798401022459833
-5.7432387347439295,-6.0516858601614585,-10.736086686816408,-5.531541967637561,-5.056104570986318
-6.0516858601614585,-7.056692547283204,-11.931630912393059,-6.450168082083958,-5.895774544287361
-7.056692547283204,-5.230233251200199,-11.183920628367261,-4.7806934130542365,-4.369791634890384
-5.230233251200199,-6.3325798626459955,-10.524812001539216,-5.788293061317009,-5.2907878448281
-6.3325798626459955,-5.237948905847215,-10.531835016944646,-4.787745905281027,-4.376237963670557
-5.237948905847215,-5.637633061584764,-9.899274033711079,-5.1530771092379775,-4.7101688605267125
-5.637633061584764,-5.19473137156009,-9.85993616505718,-4.748242928726876,-4.340130277695915
-5.19473137156009,-1.5909117091914613,-6.176491570977184,-1.454172455336897,-1.3291859740822691
-1.5909117091914613,-2.9796563247852146,-4.160265224752735,-2.7235541286418274,-2.4894639794328106
-2.9796563247852146,-3.1396050251246597,-5.569931353380101,-2.869755198730604,-2.6230990314822593
-3.1396050251246597,-2.5753995826979614,-5.201964997015824,-2.354043353259905,-2.151712746346686
-2.5753995826979614,-2.581417455879675,-4.693886282082287,-2.3595439887571485,-2.1567406008660326
-2.581417455879675,-2.8572139096448366,-4.950401957052801,-2.611635669287126,-2.387164939267935
-2.8572139096448366,-3.347601466578155,-5.647805140152806,-3.059874294732157,-2.796877344283487
-3.347601466578155,-2.4916500156622776,-5.315058150226127,-2.277492082170464,-2.081741075891216
-2.4916500156622776,-1.4608812374359577,-3.5977100001082394,-1.3353181347049785,-1.220547211627906
-1.4608812374359577,-2.546075002858244,-3.647249221471058,-2.327239228291263,-2.127212442531198
-2.546075002858244,-3.33816560094857,-5.356008569638645,-3.051249444081095,-2.7889938016734805
-3.33816560094857,-1.1829329632359191,-4.115236660833882,-1.0812595832373175,-0.9883250553306062
-1.1829329632359191,-2.9799890148790333,-3.7892138154744917,-2.7238582239400135,-2.489741937665103
-2.9799890148790333,-1.7562449047016855,-4.311059178082582,-1.6052952219082657,-1.4673197015875359
-1.7562449047016855,-1.474054108283269,-2.9403130090991603,-1.347358794053451,-1.2315529733351613
-1.474054108283269,-2.5597591110771605,-3.671695232387107,-2.3397471840331376,-2.138645336391569
-2.5597591110771605,-1.4551365619694299,-3.6544759262785314,-1.3300672155119078,-1.215747610234788
-1.4551365619694299,-2.7065205899655904,-3.7880625335479103,-2.473894477607667,-2.261262636991621
-2.7065205899655904,-3.4104688533311203,-5.567863397273471,-3.1173382140854415,-2.8494022255930322
-3.4104688533311203,-4.488705996461974,-7.190060882485778,-4.102900608782316,-3.7502552893450374
-4.488705996461974,-3.214340062760947,-7.01153869860922,-2.938066741446251,-2.685539180250257
-3.214340062760947,-3.7578420939154986,-6.346284915012069,-3.4348546389508066,-3.1396280354155777
-3.7578420939154986,-2.37599826261887,-5.583201593275983,-2.1717806258303627,-1.9851155453006781
-2.37599826261887,-3.3437071463909613,-5.206243804280533,-3.0563146923257123,-2.7936236905819665
-3.3437071463909613,-2.368317426191639,-5.1992524814410785,-2.164759959188778,-1.9786983066888109
-2.368317426191639,-1.0375689042640337,-3.1001377410254185,-0.9483896009927877,-0.8668752808366497
-1.0375689042640337,-1.3378536765294906,-2.1621793797847504,-1.2228648230071284,-1.1177592898107134
-1.3378536765294906,-2.336356784500123,-3.3443742431604777,-2.1355463425347683,-1.9519956075926916
-2.336356784500123,-2.362409265993369,-4.276954823514304,-2.159359606816987,-1.973762115935546
-2.362409265993369,-0.9823408355137193,-3.0444897503650488,-0.8979083983753429,-0.820732950036987
-0.9823408355137193,-0.47014364359134,-1.3220940204791856,-0.42973468144860855,-0.3927988795702154
-0.47014364359134,-0.9350639933249939,-1.2790612505845538,-0.8546950124350926,-0.7812337652782732
-0.9350639933249939,-2.5396990982659053,-3.1628313913582353,-2.3214113342714575,-2.1218854574400328
-2.5396990982659053,-1.3762503373077095,-3.564412155688338,-1.2579612813196877,-1.1498391988736376
-1.3762503373077095,0.0907786814464111,-1.1700740449611184,0.08297623138260964,0.07584440382651725
0.0907786814464111,1.4414280206743508,1.3946595286581853,1.3175369267227934,1.2042943028580968
1.4414280206743508,1.5320169514295836,2.706516919385385,1.4003397165329396,1.2799801724580888
1.5320169514295836,1.2462691463074502,2.5288775817155567,1.1391520057499434,1.0412416098472432
1.2462691463074502,0.45498397977633664,1.5485305472611586,0.41587799447812357,0.3801331782630413
0.45498397977633664,0.017889996783108986,0.4304237779082234,0.01635234714645748,0.014946858875386927
0.017889996783108986,-1.545336010472073,-1.3903262102650535,-1.4125139991651527,-1.2911080724948847
-1.545336010472073,0.9791275504152313,-0.5153795652584959,0.89497129592373,0.818048292265621
0.9791275504152313,0.3983140714339789,1.2537878084095313,0.3640788787372476,0.3327862092980121
0.3983140714339789,2.8789662021264073,2.983076731930556,2.631518346864003,2.405338695802377
2.8789662021264073,2.1643900505084144,4.590610943301187,1.9783601917507745,1.8083196452436037
2.1643900505084144,0.5807678466966166,2.4987233208868402,0.5308507070079678,0.48522395778922683
0.5807678466966166,2.730018997401635,3.013575396248243,2.495373191127945,2.280895249786416
2.730018997401635,1.3038407935230443,3.671737623192313,1.191775355685458,1.089341969874558
1.3038407935230443,1.085976183607122,2.175281581976135,0.9926362627351247,0.9073189310873702
1.085976183607122,2.723801386405558,3.467771406254844,2.4896899853307546,2.2757005169294398
2.723801386405558,3.718819487291865,5.864262686357872,3.3991860349926557,3.107025156766438
3.718819487291865,1.3076684769161506,4.575256931891344,1.1952740487467055,1.0925399494041261
1.3076684769161506,1.7255700250873127,2.7609427459472067,1.5772568557636941,1.4416912399296555
1.7255700250873127,0.4661762090972379,1.9949917760281792,0.4261082489279699,0.38948413981930197
0.4661762090972379,1.2338843839109515,1.5474450686408001,1.1278317167365237,1.0308943024670405
1.2338843839109515,2.830825621347678,3.699818394097726,2.587515460878629,2.365117868722173
2.830825621347678,1.8524062703309743,4.262815176049756,1.6931914944404223,1.5476612678131103
1.8524062703309743,3.4486926276718206,4.825215866910039,3.152276645592435,2.881337690293311
3.4486926276718206,2.028356449440708,4.98537088615441,1.8540187122519018,1.6946653465804855
2.028356449440708,4.383276378436353,5.836056457186542,4.006532692433605,3.6621702191787446
4.383276378436353,2.867474682784874,6.599846511220666,2.6210145264446276,2.3957376813391518
2.867474682784874,2.563923319939595,4.943817937847457,2.3435534781166103,2.142124478559622
2.563923319939595,2.793394794268981,4.876388248199432,2.5533018226208632,2.333844901112557
2.793394794268981,1.2072363130210042,3.6414918996931602,1.1034740541131716,1.0086301869547665
1.2072363130210042,3.013715046830812,3.842033862580043,2.7546854951259263,2.517919597288048
3.013715046830812,1.4317166435981996,4.0463624506240015,1.308660244901961,1.1961805740294842
1.4317166435981996,2.290482056144634,3.3880545470596064,2.093614558397911,1.9136678706462213
2.290482056144634,0.7150748313531949,2.735746127641407,0.6536139732021743,0.5974356909705321
0.7150748313531949,1.1041854808561742,1.6559441529792283,1.0092804663937118,0.9225325613356733
1.1041854808561742,0.9606279014917548,1.8794537673060705,0.87806169638876,0.8025920769819784
0.9606279014917548,0.5530671153008444,1.3778096491355927,0.5055308603089388,0.4620803581599342
0.5530671153008444,1.0961451105304767,1.5011613918354625,1.0019311678809242,0.9158149368430006
1.0961451105304767,-0.18411000127822374,0.8301611354583488,-0.16828570125170517,-0.1538215037160386
-0.18411000127822374,1.6030122878149247,1.2915265227689428,1.465232986242677,1.3392958496282612
1.6030122878149247,1.3678845725195277,2.7041975532355855,1.250314556078735,1.1428497115534557
1.3678845725195277,-1.444928150969202,-0.070127327245103,-1.3207362199553825,-1.2072186160481362
-1.444928150969202,1.1954423771649851,-0.22708927667468728,1.092693809953331,0.9987765074397583
1.1954423771649851,1.0603097749162615,2.05325184182843,0.9691758882026892,0.8858749815332536
1.0603097749162615,2.5878860281823,3.320694937673753,2.3654565856746816,2.162145008619971
2.5878860281823,1.9760399188946056,4.15421940223276,1.8061988004117926,1.6509555679593533
1.9760399188946056,-0.2630081815381895,1.5592517850830503,-0.24040256345555228,-0.21973990382352074
-0.2630081815381895,-0.22176602228755948,-0.441255714178425,-0.2027051779662194,-0.185282617916269
-0.22176602228755948,-1.4449961142630239,-1.5171358358695748,-1.320798341787335,-1.207275398493308
-1.4449961142630239,-1.1665827524395596,-2.37713576519915,-1.0663146770922107,-0.9746646675553131
-1.1665827524395596,-1.646663149547823,-2.5606990220279426,-1.5051320456417432,-1.3757655750295912
-1.646663149547823,-1.259301632578743,-2.645094469126331,-1.1510643466113364,-1.0521300820730373
-1.259301632578743,-3.0382169349743395,-3.91172758318283,-2.7770814399393386,-2.538390605120067
-3.0382169349743395,-2.476740623319423,-5.019876298787829,-2.263864155777359,-2.069284473133365
-2.476740623319423,-2.924780687656803,-4.916623295783956,-2.6733950660614445,-2.443616100654558
-2.924780687656803,-2.055424769627894,-4.533129235150787,-1.8787605036417274,-1.7172805748969968
-2.055424769627894,-3.8188272636026666,-5.346916679417459,-3.4905981182594084,-3.190580348926682
-3.8188272636026666,-3.700276377383165,-6.8441089086443885,-3.382236709954863,-3.09153263039674
-3.700276377383165,-1.8805733959499806,-5.079853327632483,-1.7189376486641474,-1.571194533730189
-1.8805733959499806,-3.331548220176916,-4.744226132411053,-3.0452008288191545,-2.7834650663853897
-3.331548220176916,-2.13672215896338,-4.977380257501474,-1.9530703623092116,-1.7852034828810932
-2.13672215896338,-0.9383451480630616,-2.7990165524492516,-0.857694151114021,-0.7839751272479136
-0.9383451480630616,-1.1411930611965004,-1.892856737108857,-1.0431072360746767,-0.9534519118180982
-1.1411930611965004,-0.05505318329084763,-1.0888584557074705,-0.050321348606360373,-0.04599621628026406
-0.05505318329084763,0.771911134669707,0.6525051556040736,0.7055651822281294,0.644921680765269
0.771911134669707,2.1376782242563044,2.648393665353382,1.9539442535543647,1.786002262958152
2.1376782242563044,1.389808693760283,3.210822166238758,1.2703542936905576,1.161167028774096
1.389808693760283,1.357593081784133,2.500765764835716,1.2409076215107748,1.1342513053321348
1.357593081784133,2.1002794011106296,3.147457063383884,1.9197598684836836,1.7547560342169743
2.1002794011106296,1.101084117519565,2.913975072538483,1.006445666000935,0.9199414127359505
1.101084117519565,1.2939196750282635,2.180002773663667,1.1827069597726667,1.0810530048274827
1.2939196750282635,0.49208591772525656,1.6256747309112005,0.4497910117079471,0.41113136329622474
0.49208591772525656,-1.7011927491274104,-1.1005645395276529,-1.5549748126859848,-1.4213243439510581
-1.7011927491274104,-0.842562234533447,-2.315400475421461,-0.7701438026302141,-0.7039497528134001
-0.842562234533447,0.7302698211823745,-0.10221185174254228,0.6675029499072028,0.6101309067016003
0.7302698211823745,0.007125237970131593,0.6711986341066492,0.006512822008929595,0.005953043350665008
0.007125237970131593,0.23569528362436437,0.22102236840941802,0.21543721585502545,0.19692033400776537
0.23569528362436437,-0.27490844106563395,-0.03569296727298214,-0.251279992741031,-0.22968241537864464
-0.27490844106563395,-0.9000056166807113,-1.0694412729838367,-0.8226499119116627,-0.7519429490497871
-0.9000056166807113,-0.5938814368381864,-1.3597798593658819,-0.5428371808419807,-0.49618019124035695
-0.5938814368381864,0.44751889703201164,-0.13322348120312966,0.4090545374371761,0.37389619903798854
0.44751889703201164,2.43270622125429,2.6216654713353695,2.2236145214322263,2.0324943047890636
2.43270622125429,2.740510002415555,4.708813301863248,2.5049624916729747,2.289660347584091
2.740510002415555,1.5805599435010702,3.9331647392808193,1.4447104264611912,1.320537208922544
1.5805599435010702,0.3065063293972867,1.7176631293052214,0.2801620347759425,0.2560820387759706
0.3065063293972867,1.8528223215156272,1.965484339894869,1.693571785923122,1.5480088731490609
1.8528223215156272,1.7676329985548518,3.295444735510333,1.6157045062855127,1.4768343054047737
1.7676329985548518,1.0858259697768466,2.5973021357436297,0.9924989598206166,0.9071934293922341
1.0858259697768466,0.11172394063779678,1.0900450907125079,0.10212124037967366,0.09334389457755118
0.11172394063779678,-0.5067642172613469,-0.35957725888695163,-0.46320770777803566,-0.42339489102942945
-0.5067642172613469,0.8756965344808121,0.33581302765997034,0.800430201323462,0.7316330280678488
0.8756965344808121,0.5330601853854912,1.2822917300931749,0.48724353095516315,0.4453648292752737
0.5330601853854912,-0.8255355311891195,-0.2662196473609204,-0.7545805486385156,-0.6897241643414656
-0.8255355311891195,0.36003937841698386,-0.42370826607062934,0.32909390502674774,0.30080820270809905
0.36003937841698386,0.4150250237066143,0.7054863761196626,0.37935352053975596,0.346747991869613
0.4150250237066143,0.09214447266901926,0.46164056702403183,0.08422463251271828,0.07698550457153475
0.09214447266901926,0.7598286077153766,0.7754909132519341,0.6945211514460677,0.6348268871532912
0.7598286077153766,-0.23938360695266658,0.4737243209102099,-0.21880852688341648,-0.20000188002162386
-0.23938360695266658,0.9363326137705341,0.6343834497016763,0.8558545946403926,0.7822936811069794
0.9363326137705341,-0.7704881627169993,0.15095648884498136,-0.7042645150657787,-0.6437328062663739
-0.7704881627169993,-1.2940423256431386,-1.8791962688920987,-1.1828190685369375,-1.0811554778158092
-1.2940423256431386,-2.5015124177816253,-3.454825371886351,-2.286506808394775,-2.089980984172775
-2.5015124177816253,-2.5515018383387478,-4.599401941650362,-2.3321996259235136,-2.131746492763315
-2.5515018383387478,-3.171379895713545,-5.209134988596888,-2.8987990113540807,-2.649646521246157
-3.171379895713545,-3.2514812082203326,-5.846276763736155,-2.972015596291344,-2.7165701226468366
-3.2514812082203326,-3.0681190535316456,-5.7522857132552225,-2.8044134640303247,-2.56337343499811
-3.0681190535316456,-2.3971329918840394,-4.974632881521541,-2.19109881990163,-2.002773335826066
-2.3971329918840394,-2.2649414818542852,-4.243557073020027,-2.0702692027682223,-1.8923290540917872
-2.2649414818542852,-1.9262730065140183,-3.814966489026879,-1.7607093664269269,-1.6093759620469192
-1.9262730065140183,-0.29336910814003003,-2.020383425505528,-0.26815396092646526,-0.2451060618360337
-0.29336910814003003,-0.8717719933139174,-1.060545641214646,-0.7968429754379762,-0.7283541251321252
-0.8717719933139174,-2.1708387559774085,-2.769473640614921,-1.984254629393928,-1.8137074545172753
-2.1708387559774085,-0.851101653165894,-2.7506588900932423,-0.7779492561246799,-0.7110843256545504
-0.851101653165894,0.7633755544700263,-0.0798508708314979,0.6977632372521867,0.6377903148846094
0.7633755544700263,0.5896000293589976,1.231518102235986,0.5389237613917751,0.4926031311572673
0.5896000293589976,1.434409355699468,1.842312770893298,1.3111215177338813,1.1984302998543488
1.434409355699468,0.5381103355000544,1.795445339711413,0.49185961942159767,0.44958416379931143
0.5381103355000544,0.8761399765238194,1.2872921589768973,0.8008355294134836,0.7320035181085457
0.8761399765238194,1.4017523682877338,2.07340449532806,1.2812714064460824,1.1711458129952264
1.4017523682877338,1.605117848316393,2.7369415583557006,1.4671575732996398,1.3410550179529168
1.605117848316393,0.9444912070816565,2.320729023402894,0.8633119548438445,0.7891100793613467
0.9444912070816565,2.660021767113557,3.2809335441982674,2.4313922400501964,2.22241347723676
2.660021767113557,2.356730650855158,4.566395351850911,2.154169070050718,1.969017707084751
2.356730650855158,3.2297505471044667,5.0849792156764195,2.9521526908589535,2.698414438836185
3.2297505471044667,3.2994380271279318,5.943059149170639,3.0158505147837427,2.7566374190815206
3.2994380271279318,3.994202852433847,6.638886083197656,3.6509001319685175,3.337104365013844
3.994202852433847,4.588793041336968,7.812494874949381,4.194385147460616,3.8338767093563315
4.588793041336968,4.024280202089964,7.839872161732312,3.678392326002146,3.362233598188448
4.024280202089964,4.769647572697393,8.004491266396002,4.359695187237023,3.9849783104349163
4.769647572697393,6.542547446800315,10.296692053458134,5.980213879818004,5.4662130216354905
6.542547446800315,7.859832113536823,13.109468755993571,7.184277604497866,6.566787172158061
7.859832113536823,7.9674249945607905,14.406434136972978,7.282622850856577,6.656679620332222
7.9674249945607905,9.234790391783159,15.65796153311967,8.441057879551233,7.715546872545301
9.234790391783159,7.211606449085841,14.969993300815117,6.591767095812161,6.025203087855672
7.211606449085841,8.728059221899581,14.50875171143422,7.977880378720695,7.292179592168781
8.728059221899581,8.063241804130522,15.283935217165713,7.370204182007491,6.736733314465962
8.063241804130522,6.0061077936980265,12.806335105750161,5.489881347229957,5.01802469117968
6.0061077936980265,6.282439792628877,11.18539682728107,5.742462542686524,5.248896470579476
6.282439792628877,6.889347701292531,11.989347724710811,6.297206566887174,5.7559601090546195
6.889347701292531,5.727471063199019,11.484198892288019,5.235193512452054,4.7852273386278865
5.727471063199019,7.6106044182820805,12.140707933506738,6.956471091130298,6.358560684810241
7.6106044182820805,8.202675204614074,14.39371141953811,7.497653247323748,6.853228101178874
8.202675204614074,6.399013422446809,13.290885720603828,5.849016640264968,5.346292217186057
6.399013422446809,7.448885370430072,12.604764080882966,6.808651835334375,6.223446530514353
7.448885370430072,6.978439399808444,13.132174618482738,6.37864081193831,5.830395060655234
6.978439399808444,6.171926380131336,11.969849051664076,5.641447785254835,5.156563956467581
6.171926380131336,5.708001022474732,10.813458738223288,5.217396926530931,4.7689603736567845
5.708001022474732,5.070391040166399,9.810808928697293,4.634589679489015,4.23624555326628
5.070391040166399,3.7281224620376068,8.00866533013597,3.407689416764123,3.1147976707770155
3.7281224620376068,3.3618469478389024,6.453498331323699,3.072895373364437,2.808779257995255
3.3618469478389024,3.959698614921212,6.664285745177257,3.619361542181674,3.3082765247991874
3.959698614921212,5.0680853782562405,8.217354062820457,4.632482189788801,4.234319202825679
5.0680853782562405,6.051342093428915,10.121229371431792,5.5312277477404805,5.055817358366904
6.051342093428915,4.978762916465807,10.039925444039483,4.5508370156235145,4.159691451520308
4.978762916465807,4.8270929289055795,8.925577908298367,4.41220310090837,4.032973155973446
4.8270929289055795,3.7567009630544708,7.813221236331907,3.4338115885687808,3.1386746354711885
3.7567009630544708,4.8129467966386805,7.80034501138629,4.39927283219941,4.0211542470496875
4.8129467966386805,2.7128973714823017,6.850244334356994,2.4797231731799783,2.2665903547416573
2.7128973714823017,1.6339858308943251,3.9566607232350792,1.493544345653782,1.365173840714074
1.6339858308943251,1.1322221488834954,2.5178837241134726,1.0349073758879386,0.9459568316371696
1.1322221488834954,1.4274372223126885,2.3298771159379883,1.3047486409315967,1.1926051733852956
1.4274372223126885,0.975874366457921,2.187564773717716,0.891997723930053,0.8153302995183279
0.975874366457921,1.0504571250354389,1.844426420351626,0.9601700760095963,0.8776432211197304
1.0504571250354389,1.030552339233264,1.8941959166169118,0.9419761114572742,0.8610130323088071
1.030552339233264,1.2162854064880777,2.0451376874163887,1.1117453757645,1.0161905864697758
1.2162854064880777,0.08386154151276237,1.183431926759916,0.07665362133259312,0.07006522366997485
0.08386154151276237,-0.03320653314908428,0.04610767593620385,-0.030352423433460722,-0.027743625151952996
-0.03320653314908428,0.569479744212452,0.48813162267103843,0.5205328197168907,0.47579289545605674
0.569479744212452,0.7006976572451891,1.1561527655356603,0.6404725207553441,0.5854237496032689
0.7006976572451891,1.7327258247937127,2.214973503110712,1.583797612720121,1.4476698172121893
1.7327258247937127,0.6934596246310334,2.208385233303447,0.6338565988298688,0.5793764677993182
0.6934596246310334,1.7729012968506215,2.244954127594899,1.6205199930431655,1.4812358998877115
1.7729012968506215,2.934992637836887,4.285263291719053,2.6827292966044443,2.452148051779799
2.934992637836887,2.4132344459181443,4.868113325351354,2.2058163499895618,2.0162258905723878
2.4132344459181443,2.662854506374237,4.620405207621357,2.4339815046726345,2.224780193926174
2.662854506374237,2.704977203263957,4.885958031457839,2.472483745373765,2.259973157541226
2.704977203263957,3.096974393092634,5.281106698901865,2.830788680037948,2.5874816946835826
3.096974393092634,3.2516473503725853,5.778701918034335,2.9721674584846265,2.7167089322471445
3.2516473503725853,4.5276180992043615,7.0809158256499956,4.138468206695074,3.782765843443301
4.5276180992043615,4.5594079800909695,8.271277949060824,4.167525739477481,3.8093258741150846
4.5594079800909695,5.189581308431661,8.873816298548634,4.743535514794764,4.335827467152504
5.189581308431661,5.135594307842648,9.398278011951394,4.694188710224007,4.29072203260758
5.135594307842648,3.847841710547029,8.176987234031067,3.517118766331556,3.2148215407548575
3.847841710547029,4.346360496583291,7.4586034456762995,3.9727897397323035,3.6313274815859047
4.346360496583291,3.7993826919009863,7.414494624059357,3.472824812292117,3.174334662991637
3.7993826919009863,3.0837216990952014,6.265203717203967,2.818675058358798,2.5764092417759703
3.0837216990952014,2.178297168892706,4.789644076129414,1.9910719898792983,1.819938861187207
2.178297168892706,2.1800701359138923,3.9671138904610665,1.992692569947654,1.8214201519989193
2.1800701359138923,1.4632479337811986,3.3162550815107505,1.3374814129155241,1.222524555542613
1.4632479337811986,3.573122243225302,4.584252012140347,3.2660115049945264,2.9852970104734307
3.573122243225302,4.569263167196867,7.411438275876728,4.176533870820528,3.817559754347051
4.569263167196867,3.8746415283929663,7.685889982393376,3.5416151332225976,3.2372124388687973
3.8746415283929663,4.528990951607149,7.649233029297794,4.139723062095183,3.7839128437122205
4.528990951607149,5.328634016442186,8.972699683795852,4.870636608249961,4.452004190271652
5.328634016442186,4.729434330757596,9.155149132882379,4.322938283361841,3.95138067151508
4.729434330757596,6.4610359193245355,10.185894594274476,5.905708288236209,5.398111204029351
6.4610359193245355,6.713774173785482,11.992098983241316,6.136723627380215,5.609270717786564
6.713774173785482,6.225828700442871,11.778006466501594,5.690717187838851,5.201598641745618
6.225828700442871,4.212827230537863,9.501571126386533,3.850733690843757,3.5197621802083803
4.212827230537863,3.4388309547594806,6.9647639469203035,3.1432625858996097,2.873098391254692
3.4388309547594806,3.740381204957648,6.534729702558798,3.4188945177061734,3.1250396905289977
3.740381204957648,3.0547881456493,6.185162661508253,2.792228350968964,2.552235635410223
3.0547881456493,3.018414088630081,5.528006993953448,2.7589806531233783,2.52184558539608
3.018414088630081,2.0874546536341088,4.647511646842734,1.9080374112164065,1.7440411250435408
2.0874546536341088,2.4161965390903544,4.099355551044266,2.208523850522925,2.018700680767016
2.4161965390903544,1.771336297039833,3.81161534105971,1.6190895053521719,1.4799283629666347
1.771336297039833,0.2590356558261946,1.8481041669283553,0.2367714773084546,0.21642091042649034
0.2590356558261946,0.20690074997890284,0.4241089973078645,0.18911757947948948,0.17286287687129184
0.20690074997890284,-0.3650431935636783,-0.14394589550190692,-0.33366764102723184,-0.3049888249710824
-0.3650431935636783,-1.784059884368796,-1.9561767231265696,-1.6307194972115284,-1.4905587541567678
-1.784059884368796,0.012123634336434375,-1.6128684020647972,0.011081604974533374,0.01012913829333783
0.012123634336434375,-0.42377021727646325,-0.3746928064877011,-0.387347062564993,-0.3540544869859167
-0.42377021727646325,-0.6422690148056058,-0.9703402099004343,-0.5870658345467475,-0.5366073812487787
-0.6422690148056058,0.1839190069329999,-0.4172036351592084,0.16811112291756822,0.15366193043278606
0.1839190069329999,-0.07310978672304685,0.10086180579623513,-0.0668259825193199,-0.06108227283700575
-0.07310978672304685,0.7492450878317318,0.6154382036367554,0.6848472877071878,0.6259844943891377
0.7492450878317318,-0.9333427607510777,-0.16757110733518213,-0.8531217202255019,-0.7797956979221999
-0.9333427607510777,-1.5868139205587646,-2.2939206077323,-1.4504268726480323,-1.3257623251494806
-1.5868139205587646,-0.8315514015844441,-2.2012671238385684,-0.7600793534893542,-0.6947503455589173
-0.8315514015844441,0.5508710255951714,-0.2554835195140326,0.5035235250552046,0.4602455538664323
0.5508710255951714,0.2768545150511655,0.7534200906302898,0.25305880118744434,0.23130833480028845
0.2768545150511655,0.5342493557566751,0.7382905587006989,0.4883304918395967,0.4463583656035563
0.5342493557566751,-0.3673859843656196,0.1518839400535551,-0.3358090683818215,-0.30694619611629315
-0.3673859843656196,-0.1986254939581295,-0.5152002667012914,-0.18155358375505976,-0.16594900844527974
-0.1986254939581295,-0.9313830309822969,-1.028566938515411,-0.8513304297137783,-0.7781583692718383
-0.9313830309822969,-0.8985004878180376,-1.6656137075350774,-0.8212741492460242,-0.7506854335246363
-0.8985004878180376,-0.13787184842527145,-0.9433365302337364,-0.12602172904259215,-0.11519013034406735
-0.13787184842527145,-2.2818679280558958,-2.2025181925334687,-2.085740816743352,-1.906470879029183
-2.2818679280558958,-1.5259495893321202,-3.4659873088051487,-1.3947938457044633,-1.2749109705953876
-1.5259495893321202,-2.405377362963712,-3.5784092229208837,-2.1986345852532656,-2.0096614002867894
-2.405377362963712,-2.755805155470594,-4.697859870026291,-2.5189430225498914,-2.3024392483833886
-2.755805155470594,-1.4097565699146104,-3.791616590947677,-1.288587644968635,-1.17783321901198
-1.4097565699146104,-1.3130387938714372,-2.4783682863640477,-1.2001827856349239,-1.097026779145904
-1.3130387938714372,-0.3331007811776141,-1.4983645748748002,-0.30447068686537354,-0.2783013562218039
-0.3331007811776141,-2.2762080604087886,-2.3750695216863176,-2.080567416116702,-1.9017421334625795
-2.2762080604087886,-2.18399302081378,-4.059805983780592,-1.9962782819226907,-1.8246976711451703
-2.18399302081378,-2.5469035024150926,-4.306200923207424,-2.3279965181068243,-2.127904643100302
-2.5469035024150926,-2.9364059022251823,-4.991069220084817,-2.684021090569938,-2.453328815735296
-2.9364059022251823,-2.271450622771681,-4.74034392123363,-2.076218881418079,-1.897767356394009
-2.271450622771681,-1.394947666352844,-3.3372633749128275,-1.275051570321095,-1.1654605733195045
-1.394947666352844,-2.607279744200423,-3.642944901793779,-2.383183407016963,-2.1783482052949927
-2.607279744200423,-3.197111905800881,-5.283327707373715,-2.922319348826782,-2.671145279911032
-3.197111905800881,-4.171247310598073,-6.706896907253721,-3.8127275752798164,-3.4850226996525913
-4.171247310598073,-2.6202511895019587,-6.1818213455939794,-2.395039953395007,-2.1891856785870454
-2.6202511895019587,-3.314172776314405,-5.4016869392149225,-3.0293188086428384,-2.768948109761039
-3.314172776314405,-3.111060601336911,-5.848436076928057,-2.843664175208813,-2.5992505378683566
-3.111060601336911,-3.328340685675984,-5.861332124024667,-3.0422689826998193,-2.780785213163245
-3.328340685675984,-4.082124219425408,-6.74522274141062,-3.73126463577852,-3.4105615198968864
-4.082124219425408,-3.3540003280538078,-6.768578901316892,-3.0657231724854928,-2.8022235095511094
-3.3540003280538078,-2.948898220168232,-5.737083323207452,-2.6954396907041507,-2.4637659843712076
-2.948898220168232,-1.9411481461873965,-4.4510637833515325,-1.7743059841759463,-1.6218039471463674
-1.9411481461873965,-2.271060836032272,-3.834076293767084,-2.0758625969450755,-1.8974416946593493
-2.271060836032272,-2.3886126774855705,-4.241371648530766,-2.183310828627519,-1.9956547243231235
-2.3886126774855705,-2.8311934220983455,-4.751220774884105,-2.587851649064046,-2.3654251614501223
-2.8311934220983455,-1.1129760352977973,-3.5900988481425973,-1.0173154705126044,-0.9298769548684548
-1.1129760352977973,-0.393403725494891,-1.3711510883351938,-0.3595905782429191,-0.32868367933835485
-0.393403725494891,-0.5580332090643435,-0.8660258337623352,-0.5100701170884184,-0.4662294646994638
-0.5580332090643435,0.15176795412281435,-0.36979456373784575,0.13872346102750968,0.12680014533159037
0.15176795412281435,-0.5836244235943728,-0.39308843860788806,-0.5334617604166952,-0.48761059051337385
-0.5836244235943728,1.6471100351140913,0.968015829485618,1.505540521283352,1.37613894208904
1.6471100351140913,0.5270413913499676,1.97897646542529,0.4817420537517221,0.44033620539458473
0.5270413913499676,0.3450140950850472,0.7937705088953365,0.3153600485036606,0.2882547745410688
0.3450140950850472,-0.006862668311028275,0.30779535739335,-0.006272820276797461,-0.00573366982661378
-0.006862668311028275,1.7650907831268146,1.6003908548947778,1.6133807949006342,1.4747103175866438
1.7650907831268146,1.4700479896697125,2.944718300583843,1.3436970023229677,1.2282059135072119
1.4700479896697125,2.539972712310527,3.6500385844758827,2.3216614311214485,2.1221140584040725
2.539972712310527,2.088892173848176,4.213328731310896,1.9093513762134637,1.7452421544249694
2.088892173848176,0.8616887016716015,2.6857053473428403,0.7876263451996857,0.7199296665363941
0.8616887016716015,1.8395251348953563,2.458724146616167,1.6814174957730423,1.536899247235627
1.8395251348953563,0.9255250451757878,2.516829860825341,0.8459759392323992,0.7732640985681912
0.9255250451757878,-0.2564737005436355,0.608990178453912,-0.23442972271442017,-0.21428043021748228
-0.2564737005436355,-0.42332581053275187,-0.6187734751372567,-0.38694085269053086,-0.35368319095036926
-0.42332581053275187,0.26286800298258334,-0.14605340776652354,0.24027443328138004,0.219622786469426
0.26286800298258334,1.8767708989429457,1.947562152239551,1.7154619772128754,1.5680175970975399
1.8767708989429457,0.07267384030879143,1.7744418409257954,0.06642750580690993,0.06071804529632452
0.07267384030879143,-1.7691984309486166,-1.5442264954616258,-1.6171353893788691,-1.4781422037432828
-1.7691984309486166,-0.38220705775800445,-1.9582724450161846,-0.3493562668600363,-0.319329009543453
-0.38220705775800445,-0.3404437205588887,-0.6577779567710536,-0.31118249879545534,-0.28443628626081086
-0.3404437205588887,-0.8952471125442543,-1.1247620784307477,-0.8183004023795722,-0.7479672809349263
-0.8952471125442543,-0.3211621618863699,-1.1072114375852342,-0.29355819484725637,-0.26832679558456113
-0.3211621618863699,0.3095220298573583,-0.01059518994834737,0.2829185350375514,0.2586016171601147
0.3095220298573583,2.0799778365528407,2.1749929384878706,1.901203228407671,1.7377943419330872
2.0799778365528407,1.4915458511040962,3.250905726965409,1.3633471172639269,1.2461670962216624
1.4915458511040962,2.814455127269283,3.919448522570541,2.5725520148045806,2.3514405345294045
2.814455127269283,1.957394574077693,4.343477708390646,1.7891560275813676,1.6353776256578518
1.957394574077693,1.5212682153983792,3.1663810108755737,1.390514837015139,1.2709997437584657
1.5212682153983792,1.9562035065588277,3.1652968662479846,1.788067332609564,1.6343825042874363
1.9562035065588277,0.6564387688032947,2.378103710984683,0.6000176946929093,0.5484460258203848
0.6564387688032947,-0.4183892481017264,0.21667966331137317,-0.38242858901821397,-0.349558757453783
-0.4183892481017264,0.7806889148247862,0.32977579443140687,0.7135885100135576,0.6522554015483278
0.7806889148247862,-1.4612362314503553,-0.6194541497050589,-1.3356426168962678,-1.2208438044948102
-1.4612362314503553,-0.8264411354495184,-2.0823111097389733,-0.7554083159893369,-0.6904807848842882
-0.8264411354495184,-1.2368203619181775,-1.8780411960308843,-1.1305153467097753,-1.0333472737820872
-1.2368203619181775,-1.465923690843593,-2.4601169943266283,-1.3399271879983443,-1.2247601156537358
-1.465923690843593,-2.6791121340327586,-3.772933313626583,-2.448841785223439,-2.238363229697871
-2.6791121340327586,-4.338421273700278,-6.387564955319358,-3.9655328950145505,-3.6246943644617766
-4.338421273700278,-4.450546858141834,-7.999976853763063,-4.068021257813972,-3.718373827196536
-4.450546858141834,-5.370812400376467,-8.939689570153222,-4.909189749680435,-4.487243679685804
-5.370812400376467,-5.343637696715678,-9.752607074201686,-4.884350718502805,-4.464539569365239
-5.343637696715678,-4.993854656487172,-9.40948906754565,-4.56463161686718,-4.172300403384198
-4.993854656487172,-5.555878763211053,-9.602677118055182,-5.078349612976815,-4.6418642110031385
-5.555878763211053,-6.238205305696682,-10.735321615373966,-5.702030020818009,-5.211939133939544
-6.238205305696682,-5.499788367559218,-10.684266490335181,-5.027080200667756,-4.595001417329293
-5.499788367559218,-6.134317027387198,-10.589704329068251,-5.607070965656612,-5.125141832993974
-6.134317027387198,-6.660227266947177,-11.645969887897191,-6.08777909039373,-5.564532975827812
-6.660227266947177,-6.521187126548672,-11.998110411366826,-5.960689484361201,-5.448366752784519
-6.521187126548672,-5.937444362139116,-11.340212189184035,-5.42711955455158,-4.9606572900642245
-5.937444362139116,-3.648572266915445,-8.72547379872579,-3.3349765805363263,-3.048334520759958
-3.648572266915445,-2.310356521522121,-5.4239919482711,-2.111780808573527,-1.9302727271379527
-2.310356521522121,-3.7258627855911275,-5.494344047760531,-3.4056239600656406,-3.1129097405912787
-3.7258627855911275,-4.580717610678088,-7.560893373059452,-4.18700380205893,-3.8271297924127676
-4.580717610678088,-4.115993392939239,-7.91600170681504,-3.762222745473916,-3.438858772427149
-4.115993392939239,-3.4461396266675477,-6.883275512486346,-3.1499430756542592,-2.8792046912669718
-3.4461396266675477,-3.5395089611627992,-6.35854245604737,-3.2352872928170937,-2.9572135519117637
-3.5395089611627992,-1.1715268499501836,-4.288123119892751,-1.0708338282021759,-0.9787953965125828
-1.1715268499501836,-0.4094767094749536,-1.4390758609415022,-0.37428208528497675,-0.34211244772601473
-0.4094767094749536,1.09864446555282,0.6273007268063904,1.0042157027225507,0.9179031153514354
1.09864446555282,0.32421738948771833,1.2951306382813002,0.2963508248825987,0.2708793983794738
0.32421738948771833,-0.4339876511897651,-0.09991611525661907,-0.39668630551298784,-0.36259101969870655
-0.4339876511897651,-1.33093555209086,-1.606484920995502,-1.216541313070576,-1.111979287113105
-1.33093555209086,-1.1987807586198471,-2.30262206310115,-1.0957452566986283,-1.00156568158456
-1.1987807586198471,-2.423622596666041,-3.297217894361271,-2.215311636618105,-2.0249050549728898
-2.423622596666041,-2.6912651529201863,-4.655721012121784,-2.4599502491395593,-2.2485169184001403
-2.6912651529201863,-2.9339431234156166,-5.120229739512186,-2.6817699882065784,-2.451271196175374
-2.9339431234156166,-1.7944256439464605,-4.303900085597937,-1.6401943171964446,-1.4992192110267113
-1.7944256439464605,-2.405483416672521,-3.8228805439779707,-2.198731523619641,-2.009750006776662
-2.405483416672521,-3.570061801791205,-5.439116710769651,-3.263214109256647,-2.9827400515892895
-3.570061801791205,-3.606116307407545,-6.531968020691704,-3.296169721221258,-3.0128631205759806
-3.606116307407545,-3.230016678536193,-6.222448965158966,-2.952395948228473,-2.698636788174787
-3.230016678536193,-2.582817711970307,-5.291012537675829,-2.3608238924913727,-2.1579104965585705
-2.582817711970307,-3.5047756741987635,-5.541106242953954,-3.2035393404356993,-2.928194343869204
-3.5047756741987635,-2.497770182191728,-5.463693484198648,-2.283086218876972,-2.086854395167826
-2.497770182191728,-1.1874571775425047,-3.354402147837694,-1.085394940208209,-0.9921049773497308
-1.1874571775425047,-0.9006303014534369,-1.9006385334450873,-0.8232209048740738,-0.7524648650262252
-0.9006303014534369,-0.674168304075628,-1.4334279297165153,-0.6162233720350253,-0.5632588211972942
-0.674168304075628,-1.1338640944409237,-1.6457241762639683,-1.0364081958196674,-0.9473286557255406
